TIC,sector,Pest,sde,phasebest1,nb,pphase1,pphase2
3806642,3,9.580379383023567,8.187124465260883,604,1024,5.650926901705307,5.753841133358881
3810544,3,9.904912836767036,8.092223659477948,1011,1024,9.779166873019017,9.933931136093502
3836325,3,0.3074992927516267,8.057066024705996,55,1024,0.016516075294276823,0.0804783305248398
3888459,3,9.991008092716553,8.53878600359528,635,1024,6.195595838745128,6.293164277150564
3897658,3,0.29958956229964945,8.622768920049642,717,1024,0.20977120719614126,0.263018570807993
7219767,3,0.44165709742955567,8.015971091960663,741,1024,0.3195975675735359,0.41146569428495716
7221119,3,8.639308855291576,9.418559443706393,533,1024,4.496827753779697,4.70774838012959
7221224,3,0.34639472371556834,8.774406240103563,27,1024,0.009133454629219087,0.08118626337083633
7221226,3,0.3463623296330291,8.774236229971867,410,1024,0.13868022963822454,0.21072630015759486
7221843,3,0.2251364889964541,8.419843158082173,500,1024,0.10992992626779986,0.1567600748578826
7263693,3,0.3539346919706376,8.288994441285746,129,1024,0.044587475843957274,0.11820865688863091
7263849,3,8.59697386519945,8.572797562757858,322,1024,2.7033452974552956,2.8208820495185694
7316147,3,8.599191675982457,10.388120003751084,319,1024,2.678849750623441,2.8216097686817436
7317831,3,8.526603001364256,9.510342177221277,662,1024,5.512315612210095,5.628890262619372
7319856,3,8.539709649871904,10.228172934092456,402,1024,3.3525032023911185,3.519294406490179
10763551,3,0.47301899644289713,8.182637674701741,377,1024,0.17414859537009006,0.22172765458260804
10785618,3,8.37030216790826,8.463165607837912,696,1024,5.689189754750146,5.893542835021344
10836111,3,9.124087591240876,8.356223317526736,979,1024,8.723126710766424,8.865690579379562
10839598,3,9.893153937475267,8.097713452779114,19,1024,0.18356437969924813,0.2898384942619707
10841735,3,8.472422265525713,8.84340285908039,699,1024,5.7834210582055405,5.890981106498348
10879811,3,8.035355564483728,9.64435897472832,600,1024,4.7082161510646845,4.920085877862595
10880506,3,9.493070058857034,8.063944697451522,942,1024,8.732882808050123,8.834859146573002
10881285,3,0.2760608327651081,8.512565402942071,88,1024,0.02372397781575148,0.08114678775614995
11487334,3,0.38369157336566573,8.14093055430047,825,1024,0.30912651174479905,0.38893735659527445
11488154,3,10.0,9.412099533741717,535,1024,5.224609375,5.341796875
11615505,3,0.2924147610971402,8.384020170087382,238,1024,0.06796358705187439,0.12279135475758818
12862099,3,2.4264777249344847,9.507796095098646,852,1024,2.0189052945743953,2.0899935091720856
24207856,3,8.45522955948254,8.43336680386255,320,1024,2.6422592373382936,2.7743721992052084
24208778,3,0.3054619654033778,8.125283343296513,608,1024,0.18136804195825557,0.2437133063814059
24249278,3,9.686168151879116,8.51176759407749,11,1024,0.10405063444401394,0.22701956605966678
24249678,3,8.39137366786943,8.916027831446552,270,1024,2.21256922883276,2.401047348325921
24295675,3,8.39137366786943,8.055074110299456,313,1024,2.564941365276496,2.753419484769657
24925751,3,0.25461359840306347,8.091892766678,677,1024,0.16833340441296285,0.22129502204953758
24925752,3,0.2544891892992386,8.093556475277216,862,1024,0.2142282042733825,0.2671639438444155
24926113,3,8.099789405475457,8.801324438664453,218,1024,1.7243692289000485,1.9142080430908794
24926126,3,8.145312372729494,8.072170790739504,262,1024,2.0840545328663356,2.29086910483017
24927472,3,8.266512358435975,9.772127162826507,778,1024,6.280611928577333,6.490503843928246
24928145,3,8.080155138978668,8.472233652918378,862,1024,6.801849345507433,6.912320216548157
24928150,3,8.016032064128256,9.17059104351627,2,1024,0.0156563126252505,0.2035320641282565
24954849,3,9.904912836767036,8.304793095617686,940,1024,9.09240045562599,9.247164718700475
25118854,3,2.385154796546296,8.734059571022316,214,1024,0.4984600844344798,0.5916301936745695
27986137,3,3.4476814342354762,8.362012819606965,200,1024,0.6733752801241164,0.733979055335287
27986317,3,0.2996003331555705,8.379642270920986,558,1024,0.16325877529375815,0.22557798521771957
28054347,3,0.3411234559899573,8.269550768855597,353,1024,0.11759431637153801,0.18855066024444905
28078010,3,1.6290093993842343,8.576998057590167,749,1024,1.1915312891980385,1.253573639369899
28091547,3,4.506128334534967,8.220109961327504,696,1024,3.0627591023792355,3.1199658097512613
28091921,3,0.35273244186087527,8.521976498492855,37,1024,0.012745215184426157,0.08370506188690692
29855758,3,8.389261744966444,9.252135894307035,321,1024,2.629836933724832,2.7527265100671143
29855767,3,8.37030216790826,9.225694544317154,696,1024,5.689189754750146,5.893542835021344
29856028,3,0.2745126028735979,8.161236605363756,415,1024,0.1112526662036554,0.16379609409743
29920046,3,8.45522955948254,8.419087502630566,16,1024,0.13211296186691468,0.2559688636171472
29920976,3,9.904912836767036,8.317553786248942,874,1024,8.45399787044374,8.570071067749604
29923043,3,0.34818214104162165,8.039037201876042,363,1024,0.12342784882627798,0.19585245433591217
29924116,3,9.63020030816641,9.55914491040862,587,1024,5.520437090716487,5.689717955508475
31634279,3,8.594757198109154,8.239504059599913,361,1024,3.029987645036528,3.2398205844434895
31634472,3,8.789663355893468,8.449505606765406,793,1024,6.8068389074448445,6.9270100861387
31637119,3,9.388789784996714,8.627046159431977,553,1024,5.070313233499202,5.198675593840954
31637458,3,8.702462796971542,8.198337453706563,364,1024,3.093453572360978,3.2209310547384904
31653960,3,8.789663355893468,8.149956894762294,793,1024,6.8068389074448445,6.90984277489672
31654682,3,0.2930471630104149,8.67841659720185,158,1024,0.04521626148012261,0.10617236081724993
31655395,3,8.661758336942398,8.932601881684672,107,1024,0.9050860762234733,1.1334722823733216
31655792,3,0.20834982769469249,8.31695236405771,435,1024,0.08850798344452268,0.13184637533804758
31672559,3,8.579272477693891,8.080648649940489,659,1024,5.521231018359643,5.730685912834591
31673343,3,8.702462796971542,9.371441819141987,329,1024,2.7960061134801144,3.195435558262988
31704702,3,8.741258741258742,9.048242764073201,664,1024,5.668159965034965,5.838887674825175
31796864,3,8.522243054371911,8.364405792975964,748,1024,6.225232231123232,6.400004793761719
31869094,3,0.3223653882729919,8.359794374465453,1010,1024,0.3179580489801971,0.3758830796855003
31944364,3,0.27901162920470524,8.238509780721289,329,1024,0.08964338477377737,0.14522773277940224
31961668,3,9.904912836767036,8.433710432361881,861,1024,8.328251906695721,8.657125965729001
32150630,3,1.4928715384041205,8.166891567055124,205,1024,0.29886588415316867,0.3557232962603568
32257798,3,10.0,9.331340841254068,263,1024,2.568359375,9.58984375
32258478,3,0.34138897518443534,8.06917638994101,382,1024,0.12735409035200615,0.19836566429173733
32264901,3,0.3177558808669651,8.39853082443331,629,1024,0.19518403229035258,0.2612797379785006
32268268,3,0.3614688648793236,8.310749332135456,43,1024,0.015178868349424722,0.0903672162198309
32284522,3,10.0,8.066549784196253,957,1024,9.345703125,9.58984375
32353178,3,0.24452747510710302,8.279294645183432,391,1024,0.09336937770202859,0.1442330028952053
32397954,3,8.478887569950823,8.481657228461986,571,1024,4.727973439884687,4.9101370400203495
32417972,3,8.349336227769893,8.021178526549766,98,1024,0.7990575686732905,0.9865914878517158
32417973,3,8.559445347941454,8.309512088169337,19,1024,0.15881783360438245,0.3427121672515621
32418630,3,9.811616954474097,8.042838507031396,272,1024,2.606210753532182,2.8457521830847723
32421578,3,5.017561465127947,8.51901307568603,332,1024,1.6267875062719517,1.749286565479177
32451444,3,8.559445347941454,8.26497605691973,19,1024,0.15881783360438245,0.3427121672515621
32532773,3,8.145312372729494,8.639957963699484,48,1024,0.38181151747169506,0.49317321006760606
32534599,3,9.811616954474097,8.144380030239295,610,1024,5.844810881083203,6.046025681907378
33445221,3,8.559445347941454,9.804657598286111,19,1024,0.15881783360438245,0.3427121672515621
33465608,3,8.621432882145012,8.599324323631041,874,1024,7.358527674799551,7.459560091387188
33466200,3,0.3383361979131423,8.094171926069052,500,1024,0.16520322163727652,0.2355797940547563
33490313,3,0.2929647446226321,8.310125749757486,890,1024,0.2546275612442799,0.3155665169128547
33495032,3,0.345679865876212,8.049757023769127,46,1024,0.015528587724907962,0.08068114057071746
33495034,3,0.3452430683822945,8.170820305951459,111,1024,0.03742380917034638,0.1085627617374012
33495037,3,0.3452323413657391,8.213876449002415,247,1024,0.08327381671614996,0.15508484084789062
33595516,3,0.7658375199117755,8.076748144338591,686,1024,0.5130513072846464,0.5721344753247151
33596111,3,0.386422653641647,8.196279330104254,355,1024,0.13396488480740693,0.21434381569185107
33626989,3,0.3419598402363626,8.519629362559234,591,1024,0.1973615874801663,0.2611451123680035
33626993,3,0.34181256366259,8.09527696579505,348,1024,0.11616286343220832,0.17424429514831247
33715498,3,0.5209934302728443,8.012386005407054,446,1024,0.22691706045086774,0.33528776420879336
33770215,3,0.20833029518319526,8.63793741105837,661,1024,0.13447883312118367,0.1778131620997194
33864821,3,0.8103333711488906,8.104845014662628,914,1024,0.7232858410450058,0.7683922884624734
33881026,3,2.4500196001568013,10.3863910128551,736,1024,1.7609515876127009,1.8399072973833792
37652737,3,8.389261744966444,8.434427173662549,314,1024,2.572488464765101,2.7527265100671143
37652766,3,8.205464839583161,8.896214538670705,35,1024,0.2804602240091901,0.43271005989989325
37663354,3,8.24606250515379,8.849809657409637,272,1024,2.1903603529314752,2.278941102498557
37664812,3,6.764984440535787,8.100358818783034,1007,1024,6.652675128534704,6.725345859829522
37716509,3,7.8222778473091354,8.894769601344333,845,1024,6.4549070126720896,6.561852217615769
37748596,3,9.991008092716553,8.209901704256493,663,1024,6.468787466280347,6.5761127485263255
37750419,3,8.37030216790826,8.803142672314914,696,1024,5.689189754750146,5.893542835021344
37751051,3,8.37030216790826,9.184573447929207,696,1024,5.689189754750146,5.893542835021344
38313107,3,9.93147283742179,9.18735570839487,490,1024,4.752364931969411,4.878448083225742
38382200,3,9.811616954474097,8.87911225053392,113,1024,1.082727261577708,1.1977071477629513
38424553,3,8.322237017310252,8.958077780012742,878,1024,7.135668067576564,7.2331942826231685
38460061,3,8.741258741258742,8.125644363173308,670,1024,5.719378277972028,5.838887674825175
38510944,3,9.904912836767036,8.954031004015299,499,1024,4.826710454635498,4.962129184825673
38518177,3,8.535336292249914,8.15089699217682,544,1024,4.534397405257767,4.667762034824172
38707887,3,8.064516129032258,9.08163750108821,971,1024,7.647114415322581,7.954259072580645
38827878,3,0.2621444992908991,8.861199080103031,230,1024,0.058880112145416795,0.11340821600182452
38845814,3,8.805917576611483,8.119044615491639,415,1024,3.5688044866150053,3.6977974198661503
40083136,3,0.23582903338395797,8.471531700054035,714,1024,0.16443547835561131,0.21348975971379788
40103428,3,0.30209563743689977,8.220563251903142,852,1024,0.2513530108361705,0.31419126354521315
40182160,3,9.811616954474097,8.698857379327027,228,1024,2.1846178375196232,2.2995977237048666
41088201,3,7.8222778473091354,8.603984678216566,104,1024,0.7944500938673341,0.9013952988110137
41255504,3,0.4844092870948522,8.160941995942924,813,1024,0.38459448282042463,0.48535539898370933
41358920,3,8.223684210526315,8.288441535408703,623,1024,5.003276624177631,5.147833573190789
41534003,3,9.45000945000945,8.557110458191563,623,1024,5.749370983745983,5.915484431109431
41833915,3,8.457374830852503,9.353817027779463,997,1024,8.234377642929633,8.399560745094723
41956486,3,0.3506987672938329,8.134197572368555,247,1024,0.08459237843903977,0.1575404618702765
41994216,3,0.29044775425796404,8.238584106768059,520,1024,0.14749300020912237,0.20790840221785903
43363801,3,8.389261744966444,8.362346665893869,316,1024,2.5888737416107386,2.7445338716442955
43364911,3,9.952229299363058,9.43565311003197,192,1024,1.8660429936305734,1.972951706807325
43397905,3,8.45522955948254,8.426139091500797,16,1024,0.13211296186691468,0.29725416420055806
43398819,3,8.389261744966444,10.10398021702172,321,1024,2.629836933724832,2.7445338716442955
43399753,3,8.45522955948254,10.155128242663096,319,1024,2.6340021772216113,2.766115139088526
49559246,3,0.33225240550741586,8.013074520349392,115,1024,0.037313502571633614,0.10642459863909415
49559399,3,8.435970980259828,9.363254876459257,399,1024,3.287062911253585,3.4518279694617853
54002664,3,0.3335657174498234,8.156440582946022,328,1024,0.10684526887064655,0.1762295440823774
55454393,3,8.738967054094205,8.485821402102975,694,1024,5.9226983745521276,6.212859390020099
55480611,3,0.3595350492742785,8.399973315294416,336,1024,0.11797243804312263,0.18959856114073279
55480614,3,0.3595001509900634,8.448458828264297,723,1024,0.25382676676349203,0.3208819707079277
55854433,3,2.8050490883590458,9.528272461266342,970,1024,2.6571265778401116,2.791352559607293
55856055,3,8.515711487694796,8.225247852721475,871,1024,7.243344439240398,7.368086306735927
62424740,3,8.165264962848044,8.20770506783634,860,1024,6.857546746141912,7.064867926839225
63784675,3,9.63020030816641,9.428713578135719,974,1024,9.159975683744221,9.724245233050848
63785987,3,0.3126123450615065,8.358105877861442,1012,1024,0.30894891914281697,0.37153244525376306
65434875,3,0.3875458272940775,8.113752476966374,439,1024,0.16614513494345706,0.24675769472240092
66374852,3,1.8366147516896858,8.067786546681406,940,1024,1.6859549478401412,1.736174882456656
66399437,3,8.537522410996328,8.211168481591143,445,1024,3.7101537821224277,3.8769022667121997
66411111,3,0.3873161700627839,8.656894961744323,434,1024,0.16415548613989084,0.24472027542052852
66536072,3,0.28091150164052314,8.088320626974951,293,1024,0.08037799802800125,0.13880978499033664
67567421,3,2.8052851572362325,8.126426288189306,488,1024,1.336893707745392,1.4108611874772068
67599325,3,8.621432882145012,8.59206695686494,874,1024,7.358527674799551,7.459560091387188
67654760,3,0.24537348297844147,8.38546567516825,742,1024,0.1777999261425816,0.2288395275824332
70502900,3,0.28467319517194256,8.040842985133352,709,1024,0.197102827516511,0.25631707612161236
70514502,3,9.541984732824426,8.13510183584766,957,1024,8.917655653625953,9.150614265267174
70552964,3,9.541984732824426,8.187068702233256,957,1024,8.917655653625953,9.150614265267174
72637009,3,0.2852505498204348,8.31523661953964,900,1024,0.25070849105311654,0.31004283393568743
72647630,3,1.598848828843233,8.482643476044156,282,1024,0.440307978255656,0.48402650091933813
72653286,3,0.3045104081657511,8.189555670968613,183,1024,0.05441934052180903,0.11775988440784906
72749447,3,0.8744698526518297,8.485935635886268,589,1024,0.5029909601678981,0.544835708976433
72764605,3,1.4339178938613977,8.386761436776444,414,1024,0.5797285234947448,0.6945539798391145
75374616,3,0.2777446027280075,8.001158046920922,493,1024,0.1337188370555739,0.1895932395574973
75377150,3,9.811616954474097,9.847070853690749,224,1024,2.146291208791209,2.261271094976452
77068551,3,8.661758336942398,8.496357925954804,107,1024,0.9050860762234733,1.1080960372455606
77093821,3,8.526603001364256,8.038686173055913,702,1024,5.845386041950887,5.945307170873124
77110495,3,8.59697386519945,8.172550338287417,319,1024,2.678158850584594,2.8208820495185694
77529164,3,9.433962264150942,8.17821783679879,476,1024,4.385318396226414,7.969118514150942
79567343,3,0.29290038750721265,8.32899562188903,216,1024,0.06178367548980267,0.11527232047402998
79568918,3,0.3601371402229969,8.240974309141823,448,1024,0.15755999884756117,0.23247133758535252
91515035,3,8.537522410996328,11.306308166673983,445,1024,3.7101537821224277,3.8935771151711767
91596847,3,0.35158282588212125,8.023712335692736,946,1024,0.32480210281688154,0.39793407734118996
91611565,3,6.2266500622665,8.021458369627299,437,1024,2.65727155977584,2.736320828144458
91639999,3,8.307717869901138,9.140313098019346,950,1024,7.707355445709063,7.8128245202292925
92227214,3,8.472422265525713,8.560229099803925,699,1024,5.7834210582055405,5.890981106498348
92230538,3,2.102342008998024,8.94408288109096,183,1024,0.37571151137367026,0.511214023672371
92232007,3,7.225433526011559,8.41253320606137,1019,1024,7.190153088872831,7.246601788294797
92232267,3,8.621432882145012,8.410284666653691,857,1024,7.215398417967066,7.2743339943098535
92232274,3,8.684324793747287,8.190970145929468,679,1024,5.758453647416414,5.826299934867564
92983077,3,8.389261744966444,8.862682611438412,313,1024,2.564295826342282,2.7527265100671143
92983517,3,8.119519324455991,8.234276596172629,816,1024,6.470241961675868,6.636755541571938
92984188,3,8.389261744966444,8.48735581268765,535,1024,4.383061556208054,4.481373217281879
92993227,3,9.616309260505817,9.345365680942333,51,1024,0.4789372776228483,0.6010193287816136
97473807,3,8.524422470377631,10.056677080780592,701,1024,5.835566554428437,6.027033074759185
98610723,3,8.472422265525713,8.788091345664657,699,1024,5.7834210582055405,5.890981106498348
98664640,3,0.33674682363558606,8.61376971782944,916,1024,0.30123055708027036,0.36930340131129213
98664643,3,0.3368046667654627,8.54247471315609,185,1024,0.06084849936680723,0.1309065013404826
98665973,3,0.3320174375558204,8.174532217150453,1003,1024,0.32520848619969517,0.39427070709753675
98665974,3,0.3320075166501769,8.088699380196294,107,1024,0.03469219168121966,0.10375234895318028
98671851,3,8.679802100512108,8.18607878962003,771,1024,6.535280683100424,6.6963316986372705
98677881,3,0.24925783479689223,8.38608724190162,913,1024,0.222238674970276,0.2740862519348639
100122808,3,8.639308855291576,8.595897702498133,533,1024,4.496827753779697,4.6065064794816415
100123009,3,0.23470487036076484,8.641090813883803,683,1024,0.15654631489883045,0.20215790591620567
100897313,3,8.639308855291576,8.29068250571727,533,1024,4.496827753779697,4.6065064794816415
100906759,3,8.59697386519945,8.05457293286174,320,1024,2.6865543328748283,2.8208820495185694
100907451,3,8.526603001364256,8.168057383793267,662,1024,5.512315612210095,5.628890262619372
100907964,3,8.59697386519945,8.461577381141373,320,1024,2.6865543328748283,2.8208820495185694
100916658,3,8.515711487694796,8.822617331533781,871,1024,7.243344439240398,7.42629917823384
100916699,3,8.393486654356218,9.556846983427091,227,1024,1.860665498573107,1.9836169632365281
100918259,3,8.599191675982457,8.010935888737505,319,1024,2.678849750623441,2.8048144724395905
101014316,3,8.619203585588691,8.183876414861029,914,1024,7.693312575418031,7.92057673245992
101015146,3,0.35392341805080213,8.45098498633175,256,1024,0.08848085451270053,0.1620996904939709
111242661,3,8.559445347941454,9.916201203082913,19,1024,0.15881783360438245,0.2758415004707695
111245172,3,10.0,9.718046437170598,463,1024,4.521484375,4.697265625
111245319,3,8.526603001364256,9.483721234474654,658,1024,5.479008569236016,5.670524066336971
111245667,3,9.471490812653911,8.863016561794124,346,1024,3.200327950369388,3.4408150217844287
111289135,3,8.577064928381509,9.441404265172155,702,1024,5.879980058324042,6.047500857706494
111363447,3,8.515711487694796,8.472309297907202,871,1024,7.243344439240398,7.42629917823384
114435818,3,2.381746296384509,11.137590539376664,180,1024,0.4186663411613395,0.46285889939503644
115349541,3,0.3373739486584325,8.06789750392864,352,1024,0.11597229485133617,0.18285404443889652
115350090,3,8.526603001364256,8.343876063233994,445,1024,3.7054085308663027,3.8885972672237377
115379137,3,0.25825712595974804,8.167357115137829,575,1024,0.1450174291277882,0.19873692896121237
120897249,3,2.0100502512562812,8.061111717543973,312,1024,0.6124371859296482,0.6732883165829145
120916150,3,0.3515346244028305,8.060959379385602,835,1024,0.28665176892222993,0.35977371716227186
122504258,3,0.2738360598277023,8.139423829101926,85,1024,0.022730532309916698,0.07969057209829618
122522302,3,3.380205516495403,9.054748617521874,672,1024,2.218259870200108,2.271075581395349
122612091,3,2.2155264090747964,11.101774288390052,39,1024,0.08438040034562212,0.225014400921659
122613547,3,0.24670646864360785,8.092698310446108,627,1024,0.15105952718705284,0.19996715720136182
122618066,3,0.2614679858598113,8.192546854412774,276,1024,0.07047379306377727,0.12486117684125754
122618067,3,0.2614700368411282,8.191710710461352,233,1024,0.059494647054670766,0.11388245745228825
122670853,3,0.35206185022584763,8.015165115355316,400,1024,0.13752416024447173,0.19562811794776103
122671465,3,0.3058683909487426,8.460103796332676,958,1024,0.2861542173133744,0.3482837342248377
123268321,3,8.457374830852503,9.294122993411845,997,1024,8.234377642929633,8.416079055311231
123270429,3,8.056719303899452,8.101402836981809,131,1024,1.0306935828230745,1.1801834917821463
123292147,3,8.577064928381509,9.340842775602988,702,1024,5.879980058324042,6.047500857706494
123365281,3,2.610420799832933,9.705146495418086,907,1024,2.312159829539522,2.414129392032996
129737672,3,9.079353550027237,9.449282598438554,606,1024,5.3731330579262755,5.435198951334664
129765506,3,8.183306055646481,8.977732478698691,307,1024,2.453393514729951,2.6132237111292964
129765888,3,0.27603568589347227,8.242591732777026,243,1024,0.0655045621797986,0.12292214137443687
136844490,3,8.412551526878103,9.141926128880987,918,1024,7.5417209977286115,7.648520968284681
136845668,3,10.0,8.262045103781297,641,1024,6.259765625,6.376953125
136864464,3,0.43765016871414003,8.170620250855558,419,1024,0.17907755926877408,0.2701122135032583
138712403,3,8.41467519353753,8.282427518045063,825,1024,6.77940140104342,6.984837807135645
138712772,3,8.639308855291576,8.060295945886557,322,1024,2.7166576673866087,2.8347732181425482
138713082,3,8.59697386519945,8.490262346265961,319,1024,2.678158850584594,2.8208820495185694
138713149,3,8.59697386519945,8.079646928422113,319,1024,2.678158850584594,2.8208820495185694
138731745,3,8.526603001364256,8.425020286680159,320,1024,2.66456343792633,2.7811380883356067
138732336,3,8.457374830852503,8.457468540300441,998,1024,8.24263679803789,8.416079055311231
138738860,3,9.63020030816641,8.500837413928698,933,1024,8.774391491718028,8.868436416602465
139370730,3,0.2765119674379507,8.667402266491074,205,1024,0.05535639973123036,0.11287304920806972
139484433,3,8.537522410996328,8.768538207611652,445,1024,3.7101537821224277,3.8102028728762907
140493524,3,0.30899293024175606,8.436716282389915,366,1024,0.11044083248875265,0.17320502144410935
140493525,3,0.3090444962265667,8.41144910386,625,1024,0.18862579115391034,0.252909460779163
141532658,3,0.2274236538793927,8.158302410768766,776,1024,0.17234448770547728,0.2196503844596869
141710861,3,9.45000945000945,9.951191448420277,623,1024,5.749370983745983,5.915484431109431
141766836,3,0.3731134451429957,8.062103801156807,318,1024,0.11586921440964125,0.19347972594817453
141806292,3,3.233316088980859,8.708952257836206,229,1024,0.7230755706802897,0.8114865574883601
141807310,3,7.881462799495587,8.669572185800096,190,1024,1.4623807928751578,1.5855286491172762
141868828,3,0.25815911895455884,8.202364621357452,711,1024,0.17924915388348764,0.2329482674941527
141943618,3,0.31002176352779964,8.123786387819758,982,1024,0.2973060271331047,0.3617929759919146
141978651,3,8.223684210526315,10.02212867475424,623,1024,5.003276624177631,5.147833573190789
141979432,3,9.45000945000945,8.764186150585072,623,1024,5.749370983745983,5.915484431109431
141979627,3,0.24427838942372287,8.844310566270028,116,1024,0.02767216130190611,0.07848397472695784
142050157,3,0.28893717350099396,8.157645802954322,868,1024,0.24491940097545192,0.29458047767093526
142085680,3,8.064516129032258,9.239429221213161,992,1024,7.8125,7.970010080645161
142162720,3,8.59697386519945,8.031997520703978,322,1024,2.7033452974552956,2.8208820495185694
142218439,3,0.30965887977803647,8.359997829378887,930,1024,0.281233162298412,0.34564462850224187
142218445,3,0.30973944717703467,8.175262478014124,754,1024,0.22806986637840249,0.2924980912306568
144141839,3,8.661758336942398,9.367720703067532,107,1024,0.9050860762234733,1.1080960372455606
146246865,3,8.643789437289307,8.376818794884318,448,1024,3.781657878814072,3.882952286282306
146250677,3,8.599191675982457,8.401964794941206,276,1024,2.3177508814171466,2.8216097686817436
146269125,3,8.599191675982457,8.304963442548939,319,1024,2.678849750623441,2.8216097686817436
146284253,3,0.752371852264263,8.002343366601453,3,1024,0.002204214410930458,0.05730957468419191
146636926,3,5.539552404165743,8.168073358973228,703,1024,3.8030325587192553,3.851720031021493
146733083,3,0.29566991410788995,8.288674223655828,42,1024,0.012127086320831424,0.060057951303165144
146760769,3,0.3197891949626806,8.132181786795496,195,1024,0.06089735646261984,0.12741600736794306
147456499,3,1.2558554259233676,8.335375395627992,960,1024,1.1773644618031571,1.2423647914652065
147458909,3,0.2552296556441486,8.09122382890139,403,1024,0.10044682736776553,0.15353658972343315
147470770,3,0.34895122708699006,8.055303632397406,171,1024,0.05827212874206572,0.13085671015762126
149497535,3,0.34704026708218955,9.103161798151266,646,1024,0.21893360599130318,0.27214192819042793
149497542,3,0.3470583335647055,8.490025972508596,404,1024,0.1369253581642002,0.20911620293888994
150247774,3,0.3315880747664791,8.344202412401689,738,1024,0.23897656169693515,0.30794947178019694
150272867,3,0.3875458272940775,8.40723038440572,945,1024,0.3576472722586946,0.4382598320376384
150298884,3,0.34499651553519306,8.872262415318842,290,1024,0.09770409131367772,0.16542313391384744
150298887,3,0.34499651553519306,8.531044905382444,290,1024,0.09770409131367772,0.16542313391384744
150390675,3,0.30768662732380325,8.701793708099613,580,1024,0.17427562875762292,0.23046449527085655
150392500,3,0.3306703349029152,8.043618163702888,548,1024,0.1769602964128882,0.24283602719432834
150428107,3,2.2986392055902907,8.75290099831683,199,1024,0.44670820499264435,0.5342540341118058
150428605,3,2.924660739354235,8.728729733919309,673,1024,1.9221647242044924,2.039265398338793
150439106,3,0.25817111581556257,8.019779161372245,74,1024,0.018656897041359012,0.07235850609283834
152309901,3,8.577064928381509,10.477659119762938,702,1024,5.879980058324042,6.047500857706494
152309950,3,8.621432882145012,8.03221136398689,320,1024,2.6941977756703164,2.828907664453832
152310122,3,7.121999857560002,8.397487532316056,311,1024,2.1630292536144147,2.267355423402891
152319134,3,0.34638752450691734,8.132617391409129,851,1024,0.28786697593299476,0.34199002663720063
152356728,3,10.0,8.607344644862646,263,1024,2.568359375,2.822265625
153078576,3,2.704456945045435,8.761623715168724,153,1024,0.40408389901557773,0.4753928223712679
158550931,3,10.0,9.55328293963946,467,1024,4.560546875,8.06640625
158567438,3,7.870297497245396,9.089070518161128,210,1024,1.6140258539272785,1.7984859515189675
158582688,3,8.599191675982457,9.074263614153656,276,1024,2.3177508814171466,2.460510899475449
158622023,3,8.526603001364256,9.719427060660289,667,1024,5.553949415927694,5.670524066336971
159895672,3,0.6911423200265397,8.546014044610583,378,1024,0.2551287079785469,0.30237476501161115
159895967,3,8.539709649871904,8.003150111005708,402,1024,3.3525032023911185,3.5609922075149445
159924179,3,3.183902190524707,10.776526000634934,76,1024,0.2363052407030056,0.30160010984462554
159924817,3,8.59697386519945,8.144885963669653,327,1024,2.745322708906465,2.8796504255502064
159951311,3,5.912961210974457,8.907917086995603,846,1024,4.885122250473038,4.989061021759698
159988352,3,0.33535102868928046,8.430934353027624,263,1024,0.08613019584500074,0.1558858297422827
160004025,3,2.8064660978895377,9.917372291549283,318,1024,0.8715392764930401,0.9510192734059273
160221342,3,8.537522410996328,8.421688549298803,445,1024,3.7101537821224277,3.851889994023734
160221714,3,8.393486654356218,8.063825061626785,227,1024,1.860665498573107,1.9836169632365281
160226401,3,8.080155138978668,8.40742732279733,644,1024,5.081660067873303,5.263147927440206
164718627,3,0.32636117085333655,8.087272288109203,487,1024,0.15521278340388173,0.21066868548247603
164752897,3,8.433836552247616,8.297783913417346,442,1024,3.640386480560006,3.7804013451969296
164771734,3,8.24606250515379,9.127174081109764,180,1024,1.4495031747340645,1.6186118784530388
164775665,3,0.3168437295041712,8.536290790626632,748,1024,0.23144444303625009,0.29735041411475444
164776925,3,0.34083395251501375,8.432539451401306,814,1024,0.2709363645968957,0.33317850240969604
165146929,3,0.5822890948898308,8.431408640708863,24,1024,0.01364740066148041,0.06255058636511855
165165569,3,9.044862518089724,9.85926827222028,645,1024,5.6972034415701875,5.75020068288712
166676643,3,8.668515950069347,8.322148465800693,1004,1024,8.499208997919554,8.651585254854368
166678380,3,0.3630396584522893,8.170020748510126,711,1024,0.2520714816011501,0.3251048503913567
166731534,3,0.33752425955615556,8.590843723543502,1017,1024,0.3352169648130959,0.4017988988271031
166739587,3,1.452854859799506,8.117330041315807,119,1024,0.16883762530873164,0.21849575039953506
166743736,3,0.6825798789103295,8.119587377757279,150,1024,0.0999872869497553,0.15198067616362804
166744173,3,0.32459101532069595,8.065968650342345,280,1024,0.08875535575175279,0.1480312540573877
166744721,3,0.3481203243088941,8.403205780115533,215,1024,0.07309166965469945,0.14550341680098308
166745349,3,8.661758336942398,9.15613462501521,107,1024,0.9050860762234733,1.0911785404937202
166759534,3,8.661758336942398,9.381973616248706,107,1024,0.9050860762234733,1.0911785404937202
166808891,3,0.2510544286001205,8.129560114456124,1020,1024,0.2500737472384013,0.30229502974994976
166809902,3,0.3125332066532069,8.875354354376203,237,1024,0.07233434568047854,0.13734369433002255
166973336,3,9.4553706505295,10.279969827547836,538,1024,4.967763095688351,5.1247370225037825
167007780,3,9.45000945000945,10.022508770376062,623,1024,5.749370983745983,5.915484431109431
167008960,3,8.143322475570033,8.001967616679334,291,1024,2.314166836319218,2.536835810260586
167045755,3,9.45000945000945,10.555906031500665,623,1024,5.749370983745983,5.915484431109431
167167432,3,8.256274768824307,9.751580459442968,396,1024,3.192856258256275,3.2976722465323647
167247849,3,9.474182851729038,10.570001381655652,538,1024,4.977646849834202,5.13493308858361
167248352,3,9.45000945000945,8.164012330815227,623,1024,5.749370983745983,5.915484431109431
167342585,3,9.45000945000945,10.759367102512089,623,1024,5.749370983745983,5.915484431109431
167420125,3,8.993614533681086,8.06330236310878,123,1024,1.080287683244896,1.2032472569475672
167440207,3,8.307717869901138,8.281703970854311,950,1024,7.707355445709063,7.853389548890919
167456368,3,8.389261744966444,8.196709026977336,314,1024,2.572488464765101,2.7527265100671143
167459718,3,8.472422265525713,8.682186303270122,321,1024,2.6559058078454627,2.7800135558756245
167797348,3,8.002560819462229,9.638486869938774,289,1024,2.2585352312740077,2.539875260083227
178170697,3,9.63020030816641,8.713076508059395,259,1024,2.435763554506934,2.548617464368259
178198052,3,7.913270554720265,8.51970334853009,354,1024,2.735642359737279,2.851559408878689
180871858,3,8.559445347941454,8.590535568208761,19,1024,0.15881783360438245,0.3427121672515621
183593526,3,8.577064928381509,9.930024493918435,702,1024,5.879980058324042,6.030748777768248
183596242,3,0.22279356393952493,8.024757213704317,4,1024,0.0008702873591387693,0.04394951163650785
184240590,3,8.621432882145012,8.390927450895592,874,1024,7.358527674799551,7.484818195534097
184240593,3,8.256274768824307,8.068547911370858,992,1024,7.998266182298547,8.143396012219286
184398112,3,8.515711487694796,9.080668642804724,871,1024,7.243344439240398,7.409666929234437
184551700,3,8.389261744966444,9.319486690628205,313,1024,2.564295826342282,2.728148594798658
197787090,3,1.774906373688788,8.378632093997524,915,1024,1.5859759100832431,1.6899743304165706
197808212,3,8.661758336942398,8.289303056017188,107,1024,0.9050860762234733,1.0911785404937202
197809331,3,0.33924524717408705,9.302144694257883,210,1024,0.06957177920562332,0.11330261184915798
197831152,3,8.684324793747287,8.541623015611313,705,1024,5.978954081632653,6.182492943986105
197843896,3,8.684324793747287,8.828284957763277,705,1024,5.978954081632653,6.165531372123318
197844279,3,10.0,8.3063390221613,527,1024,5.146484375,5.341796875
197879320,3,8.522243054371911,8.614968724259732,748,1024,6.225232231123232,6.400004793761719
197881872,3,8.789663355893468,8.239015694853817,793,1024,6.8068389074448445,6.9270100861387
197882476,3,8.594757198109154,8.45678952996669,361,1024,3.029987645036528,3.197853996562097
197884430,3,0.25689770333453216,8.521327068328704,461,1024,0.115654141833222,0.16909087114011198
197884431,3,0.25691354345435674,8.52227435020185,128,1024,0.03211419293179459,0.08304529578456257
197884789,3,8.805917576611483,8.533294052066893,495,1024,4.256766797287778,4.359961143888693
197886229,3,8.789663355893468,8.81085446802036,793,1024,6.8068389074448445,6.9270100861387
197886681,3,10.0,8.226580126504231,518,1024,5.05859375,5.52734375
197888479,3,8.684324793747287,8.005995268278973,705,1024,5.978954081632653,6.182492943986105
197889177,3,8.59697386519945,8.006438858335184,320,1024,2.6865543328748283,2.8796504255502064
197934786,3,8.389261744966444,8.482932461833755,876,1024,7.176751258389262,7.291448196308726
198006122,3,8.741258741258742,8.751543590472025,665,1024,5.676696350524476,5.838887674825175
198006142,3,10.0,8.328570537995066,658,1024,6.42578125,6.572265625
198006892,3,8.623663332183511,8.813882280524227,319,1024,2.6864732450845117,2.8464826233183858
198007679,3,8.741258741258742,9.461545923205417,1013,1024,8.647358500874127,8.766867897727273
198008287,3,0.26313573593802625,8.992927743470931,327,1024,0.08402869692552205,0.13876298574856852
198008808,3,0.2965537488842165,8.716427313843104,289,1024,0.08369534514408063,0.13871996651908172
198008809,3,0.29641925539483044,8.598845112890796,437,1024,0.12649923301517665,0.1765778767488736
198008812,3,0.2964719833975689,8.725458424433631,587,1024,0.1699502482952861,0.2272758857100504
198011917,3,0.3397570057894594,8.043422501673316,539,1024,0.17883693957081895,0.24585931766600527
198034554,3,8.526603001364256,8.045498145231191,61,1024,0.5079324053547066,0.6744676202251023
198037646,3,10.0,9.134336450169876,531,1024,5.185546875,5.341796875
198038229,3,10.0,8.207016955766962,870,1024,8.49609375,8.69140625
198052982,3,10.0,8.571069846867788,907,1024,8.857421875,9.033203125
198074271,3,0.3290220477674209,8.044353510145651,123,1024,0.03952120300331325,0.09832104161799882
198074686,3,10.0,8.56951338327623,520,1024,5.078125,5.21484375
198076334,3,0.39129448040005943,8.743786987981963,409,1024,0.15628851805041435,0.218192527644955
198077394,3,4.018808021540811,9.435134938199464,521,1024,2.0447255656472287,2.1663886991118435
198077397,3,8.389261744966444,9.474587268517176,531,1024,4.350291002516779,4.5141437709731544
198077408,3,10.0,8.100015979557046,518,1024,5.05859375,5.322265625
198078399,3,9.63020030816641,8.147162641346364,510,1024,4.7962911691063175,4.9185495714560865
199731190,3,2.5150905432595567,10.177445873799583,494,1024,1.213334695674044,1.2722821302816898
199734786,3,2.636018557570645,9.249233330311364,449,1024,1.155832355809785,1.3205835156579502
200726754,3,0.2894716274384366,8.188212708653268,56,1024,0.0158304796255395,0.07604283962982367
200781878,3,0.3508390315439373,8.72774055798128,360,1024,0.12334184702716545,0.1812439918815848
200787153,3,0.36947814906226445,8.137585342714173,142,1024,0.0512362277019937,0.12809056925498427
200852643,3,0.28721436531369554,8.039864394619244,608,1024,0.17053352940500674,0.2302763612524844
200863471,3,8.623663332183511,8.697073745366483,831,1024,6.998304911176268,7.200422020524319
201776556,3,8.805917576611483,8.515340244360706,495,1024,4.256766797287778,4.359961143888693
201792236,3,9.720062208398133,9.91247888315909,514,1024,4.879015600699844,5.182767544712286
201858062,3,7.451564828614008,8.159877070102658,779,1024,5.668719728017883,5.72693507824143
201862364,3,7.393715341959334,9.940808918548818,530,1024,3.826825323475046,3.8845887245841033
201875342,3,0.37861004679620175,9.363086204269605,691,1024,0.2554878343126713,0.3002259355454256
206384378,3,0.3267578756816986,8.373599661138474,444,1024,0.14168017265886151,0.20964836359655858
206404910,3,1.637331150225133,10.72978818871242,512,1024,0.8186655751125665,1.3495190339746215
206405628,3,1.5636727545659246,8.54880403449504,352,1024,0.5375125093820365,0.5909583554853641
206412620,3,1.044201029582215,9.56094136634394,575,1024,0.5863433515720445,0.6465072780811761
206435482,3,0.36217974256263896,8.152593844368042,704,1024,0.24899857301181427,0.32433478899408197
206435484,3,0.36217580738041855,8.001443165930485,747,1024,0.2642044219855202,0.3395398194191424
206458620,3,0.26465248482218,8.16052593350673,297,1024,0.07675955858612057,0.1318093430266717
206467003,3,0.3113480123542891,8.124835310281867,275,1024,0.08361396816155225,0.1483767871375909
206479060,3,1.5102546289304377,8.331171613447387,153,1024,0.22565327951792674,0.296446465249041
207134625,3,6.227813414710096,8.30687857827961,710,1024,4.318112816840008,4.433667948558262
207140340,3,0.3156107383397613,8.746933058333932,672,1024,0.20711954703546834,0.25088587989117744
207148552,3,0.9949555752335657,9.368725355902377,455,1024,0.4420945182922582,0.5188537863034415
207176834,3,0.34647753612894505,8.707485270587021,924,1024,0.31264183924135275,0.3847118736119243
207202489,3,10.0,8.084669082201604,518,1024,5.05859375,5.546875
207210853,3,8.741258741258742,8.432809938509692,668,1024,5.7023055069930075,5.838887674825175
209481568,3,8.517887563884157,8.245176955034545,828,1024,6.887510647359456,7.070512137989779
212376561,3,7.911392405063291,8.028210135611078,297,1024,2.294612836234177,2.503214003164557
212376782,3,8.389261744966444,9.200199168133473,320,1024,2.621644295302014,2.7527265100671143
212377300,3,0.2828542254178464,8.342529516558592,980,1024,0.2707003329194233,0.32594529882134643
212378599,3,8.389261744966444,8.474430258048443,314,1024,2.572488464765101,2.7527265100671143
212378718,3,9.227646027498384,8.086790508905109,219,1024,1.9734907031466271,2.090638553105103
212380501,3,8.389261744966444,9.09937725445021,314,1024,2.572488464765101,2.7527265100671143
212383496,3,8.1913499344692,8.464301327373482,309,1024,2.471803837647444,2.6477898713958057
212384037,3,8.433836552247616,10.23820704176251,316,1024,2.6026292485451625,2.767352618706249
212958207,3,9.37031484257871,9.85069118019616,276,1024,2.5255926724137927,2.626250351386806
212978162,3,8.101758081503686,8.667695954522882,697,1024,5.514575569148505,5.6095180466661265
212980317,3,2.288538996704504,8.369278565940963,827,1024,1.8482634280025632,1.9376594825613327
213013834,3,6.997900629811057,8.157113230439135,544,1024,3.717634709587124,3.8543124562631212
215258018,3,0.23156939208403193,8.319766148046506,132,1024,0.029850741948332243,0.07801898463768654
219218841,3,0.5030206389368156,8.010395518902222,538,1024,0.26428232787891287,0.36891455062651224
219222070,3,0.2859822919764808,8.032194244665652,533,1024,0.1488560172104143,0.20136057862797133
219223681,3,8.702462796971542,9.199164570204594,364,1024,3.093453572360978,3.305916042990166
219224246,3,0.3045020630014768,8.210412113049001,340,1024,0.1011042006059591,0.16444300863263348
219229477,3,8.766546857192951,8.343278249413828,195,1024,1.6694107784693608,1.7978269921977732
219234169,3,0.28540197441085896,8.095798902802892,385,1024,0.10730445326970771,0.150783660308862
219238723,3,6.516356053694773,8.141204723905183,663,1024,4.219085999609018,4.378176723576176
219983350,3,8.700191404210893,9.559504818075006,407,1024,3.457986231947103,3.6703932486514703
219992284,3,0.3726129482999534,8.209533565546346,543,1024,0.19758674895202608,0.27509315323707495
220016883,3,8.748141020033243,8.844085723865923,536,1024,4.579105065173651,4.7414240880062986
220403266,3,0.3035896439500656,8.092089438991247,491,1024,0.1455688624799631,0.20871788021567012
220403849,3,0.3486081818340276,8.176002832019268,988,1024,0.3363524254414251,0.4081847754091788
220412301,3,2.4159257827599534,11.399407380066767,179,1024,0.42231515147854654,0.48129771453420944
220425371,3,7.641170627340108,8.273663834342962,107,1024,0.7984426339115152,0.9626084091082753
220516211,3,0.30570569101714395,8.578781641196713,207,1024,0.061797927773973436,0.10359362771772358
220558315,3,0.38024693235787316,8.045521125950415,831,1024,0.3085792976458912,0.38767363025548784
220559314,3,8.668515950069347,8.52922066799639,1011,1024,8.558466431171983,8.668515950069347
220562404,3,0.3576333257038224,8.281761025503513,745,1024,0.2601922145013161,0.3324872324902724
220563293,3,8.661758336942398,8.225527032698674,107,1024,0.9050860762234733,1.1080960372455606
220570734,3,5.435668859053106,8.14240773193095,538,1024,2.855849459150948,2.914240433222808
220570737,3,5.435668859053106,8.124881355947917,538,1024,2.855849459150948,2.914240433222808
220577249,3,8.72524212546898,8.016106344869947,962,1024,8.196955981153476,8.38441235494285
229094103,3,8.577064928381509,8.291057385029882,702,1024,5.879980058324042,6.047500857706494
229094105,3,8.577064928381509,8.156948328938343,702,1024,5.879980058324042,6.047500857706494
229094307,3,8.526603001364256,8.6414546500163,658,1024,5.479008569236016,5.653870544849932
229098976,3,8.59697386519945,8.010486228240982,319,1024,2.678158850584594,2.8208820495185694
229154472,3,8.741258741258742,9.691835709199331,668,1024,5.7023055069930075,5.838887674825175
231274717,3,0.2541166903842244,8.46296154500242,28,1024,0.006948503252693636,0.05980676013925594
231279146,3,8.577064928381509,8.281962357875118,702,1024,5.879980058324042,6.022372737799126
231290096,3,8.599191675982457,8.204526060091471,276,1024,2.3177508814171466,2.443715603233296
231291485,3,8.59697386519945,8.563475707461352,320,1024,2.6865543328748283,2.8796504255502064
231299292,3,8.59697386519945,8.114244815174633,320,1024,2.6865543328748283,2.8208820495185694
237340515,3,0.34226531722860926,8.074927746536433,264,1024,0.08824027709800082,0.1594341370293424
237342456,3,0.26265056443606294,8.43421399803372,185,1024,0.04745151798893715,0.09951994043085197
237358490,3,5.283178360101437,12.163916498734347,736,1024,3.797284446322908,3.8953121698013526
237914635,3,0.3527772388125518,8.176608252225106,171,1024,0.05891104280951793,0.13229146455470692
237919111,3,8.668515950069347,8.125751697326978,1003,1024,8.490743650312066,8.668515950069347
237923079,3,8.72524212546898,8.702117500188702,962,1024,8.196955981153476,8.358850122153388
237923308,3,8.766546857192951,8.114223429740315,195,1024,1.6694107784693608,1.7978269921977732
237923338,3,0.3313408702336616,8.105871123154069,312,1024,0.10095542139931876,0.1582282085393169
237929736,3,9.904912836767036,8.85970444808823,872,1024,8.43465233755943,8.695817031497622
237931081,3,9.63020030816641,8.092328805011784,866,1024,8.144290494992296,8.322975852272727
238181258,3,0.5171539981175594,8.154313547786273,143,1024,0.0722197477839951,0.17979181965805774
241393017,3,0.33180922296916165,8.671083981117512,623,1024,0.20187221280252707,0.26246627988771576
241393039,3,0.3710905609404919,8.323787472913747,546,1024,0.19786664675147322,0.27034527193516306
241393042,3,0.371136010213663,8.411162463162446,84,1024,0.030444750837839544,0.09967031524292708
241486090,3,10.0,9.274609974595535,572,1024,5.5859375,5.703125
241577402,3,9.720062208398133,8.663332753943909,582,1024,5.524488481726283,5.6383954607309485
241711735,3,9.720062208398133,8.51245476601174,916,1024,8.694899397356142,8.827790872861586
241765397,3,8.322237017310252,8.987105279569619,652,1024,5.298924350865512,5.46959522719707
241765412,3,8.322237017310252,8.263380737799709,659,1024,5.355814642976031,5.510231150133155
241805941,3,9.03750564844103,9.19953254290911,393,1024,3.4684958201536373,3.547927022141889
244134288,3,8.389261744966444,8.110065667963235,316,1024,2.5888737416107386,2.7527265100671143
244161017,3,8.287063893262617,8.219620291794216,352,1024,2.8486782133090247,2.9943492583077815
244161394,3,8.139345596614032,8.346713613729817,390,1024,3.099946076835422,3.2509690908350968
244165572,3,9.63020030816641,8.804449827796041,393,1024,3.6959655479583975,3.799414965331279
244169972,3,9.63020030816641,9.0576517455551,795,1024,7.476571528312789,7.598829930662558
244178365,3,9.805844283192783,9.140520683957911,272,1024,2.604677387723083,2.710013605608943
244178922,3,8.389261744966444,9.189377336152395,313,1024,2.564295826342282,2.6626074874161074
244201396,3,4.416570974295556,8.13703751929813,802,1024,3.4590721888525744,3.5798378014309686
246891728,3,9.93147283742179,8.677059089871673,490,1024,4.752364931969411,8.593051693316118
248343164,3,0.29030609875052255,8.40108373921111,755,1024,0.21404404741859817,0.2741464819255423
248347675,3,9.811616954474097,8.635961694892478,228,1024,2.1846178375196232,2.2995977237048666
248348569,3,5.998080614203455,9.336973273728194,637,1024,3.7312278820777354,3.813232890475048
248353188,3,10.0,8.778426760761578,427,1024,4.169921875,4.287109375
248383859,3,10.0,9.680373404654103,559,1024,5.458984375,5.615234375
248947943,3,10.0,8.009691853985005,649,1024,6.337890625,6.66015625
248959497,3,9.811616954474097,8.037665313212988,76,1024,0.7282059458398744,0.8431858320251178
248962267,3,10.0,8.258625975232146,623,1024,6.083984375,6.220703125
248986582,3,9.493070058857034,8.264598583779545,942,1024,8.732882808050123,8.853400299031707
257396292,3,0.27688865753303277,8.632929617751532,451,1024,0.12194998490956814,0.17954498886907594
257397281,3,5.686018081537498,9.540172467902709,996,1024,5.530541024620457,5.663807073406493
257482824,3,8.412551526878103,8.157469998431573,314,1024,2.5796300580466056,2.7357223227054766
257483026,3,9.124087591240876,10.141141113242467,934,1024,8.32216583029197,8.420178489963504
257499780,3,8.389261744966444,8.407595665798034,316,1024,2.5888737416107386,2.7527265100671143
257501056,3,8.389261744966444,8.046199533955527,321,1024,2.629836933724832,2.7527265100671143
257723440,3,1.24987501249875,10.414680827610598,76,1024,0.09276416108389161,0.15257263336166382
259375489,3,0.35864918371445786,8.264911206620384,678,1024,0.23746498687343987,0.3120668190327949
259392061,3,1.788716774585912,8.489054260429828,783,1024,1.3677394868171573,1.577354733838944
259393009,3,1.1483825032441806,8.202597180754255,134,1024,0.15027661663546893,0.21868612122325704
259517011,3,8.579272477693891,8.190801478957741,659,1024,5.521231018359643,5.663660346602608
259864395,3,0.3553723413706711,8.079393643705947,989,1024,0.3432258257964782,0.41714604914799475
259864399,3,0.3553874967570891,8.10260623666146,818,1024,0.28389352768290904,0.357816903473202
259864495,3,0.23550080423524647,8.031030962229174,987,1024,0.2269914978322151,0.27597750496317947
259901794,3,8.741258741258742,8.35960669062919,670,1024,5.719378277972028,5.838887674825175
259929914,3,8.741258741258742,8.166433811205554,668,1024,5.7023055069930075,5.838887674825175
259962587,3,8.661758336942398,8.033119693377774,107,1024,0.9050860762234733,1.0911785404937202
259963759,3,8.741258741258742,8.199968776676524,670,1024,5.719378277972028,5.838887674825175
259977065,3,10.0,8.25510692699414,541,1024,5.283203125,5.44921875
260270591,3,10.0,9.169441996945402,803,1024,7.841796875,8.0859375
260297927,3,0.3186885329492074,8.81476230861812,862,1024,0.2682710111349773,0.3345607157425761
260299369,3,10.0,9.318944447429551,801,1024,7.822265625,8.0859375
260303942,3,7.881462799495587,8.447698126794984,975,1024,7.504322489754099,7.742921461223204
260354915,3,8.041170794467675,9.556352530181206,636,1024,4.994320923126407,5.214196687037633
260368973,3,9.37031484257871,8.09171696743966,876,1024,8.016011525487256,8.18072409107946
260369509,3,0.28421444548340613,9.127381455692527,660,1024,0.1831850918154766,0.23925083203778916
260504131,3,4.283755997258396,8.422584220868936,33,1024,0.13805073038039753,0.26773474982864975
260537761,3,9.37031484257871,8.364947306737216,876,1024,8.016011525487256,8.13497060063718
260541677,3,9.37031484257871,8.08711545440773,877,1024,8.02516222357571,8.13497060063718
261333352,3,8.41467519353753,9.554008744124697,886,1024,7.280666231908449,7.436797900538539
262547870,3,10.0,8.176787380585624,788,1024,7.6953125,7.822265625
262809283,3,9.720062208398133,8.127198116191261,401,1024,3.8063915484059097,3.920298527410575
262838307,3,8.139345596614032,8.438095483814509,390,1024,3.099946076835422,3.3066091486244504
262840161,3,8.185315543914218,9.926857086561819,434,1024,3.4691669395105182,3.676997216992715
262876193,3,8.702462796971542,8.011537405186976,364,1024,3.093453572360978,3.2209310547384904
262883036,3,8.741258741258742,9.153170868910717,665,1024,5.676696350524476,5.838887674825175
266769028,3,8.322237017310252,9.264482940309447,653,1024,5.307051535452729,5.493976780958721
266785083,3,8.433836552247616,8.177357289617854,442,1024,3.640386480560006,3.7804013451969296
266788292,3,0.3151303536707959,8.139490047403664,555,1024,0.17079818973368333,0.23634776525309692
266855397,3,9.991008092716553,8.337363652422287,663,1024,6.468787466280347,6.5761127485263255
266877519,3,8.37030216790826,10.071235642092995,696,1024,5.689189754750146,5.893542835021344
266877527,3,8.389261744966444,9.517106556343524,442,1024,3.6211461828859064,3.7604210360738257
268616398,3,8.205464839583161,8.323430648758123,8,1024,0.06410519405924345,0.27244707475178465
268632954,3,9.811616954474097,9.158665594768623,457,1024,4.37881733222135,4.48421556122449
268636837,3,0.2622414299500692,8.272898998675632,292,1024,0.07477978275919943,0.12420614602127301
268637804,3,0.2517826209563711,8.025895038815934,132,1024,0.03245635348265721,0.08482910569330862
268638752,3,0.3247143325659251,8.28079817803246,988,1024,0.3132985943116543,0.3808417123160899
268639763,3,9.63020030816641,8.207336211587615,862,1024,8.10667252503852,8.219526434899846
268717682,3,0.2992023265972916,8.446773755953947,472,1024,0.1379135724159391,0.2001499938663523
268717683,3,0.2992023265972916,8.433508791590242,472,1024,0.1379135724159391,0.2001499938663523
268718045,3,8.526603001364256,11.340448997104172,653,1024,5.437374765518417,5.512315612210095
268751925,3,8.478887569950823,8.572749094317274,571,1024,4.727973439884687,4.827335403595049
268752502,3,2.6494277236117,12.124421212631807,1019,1024,2.636491064805002,2.690825031793133
268765586,3,8.389261744966444,8.741198221490238,16,1024,0.13108221476510068,0.25397179110738255
268770513,3,8.433836552247616,10.215559728147827,316,1024,2.6026292485451625,2.759116450198195
268804467,3,0.23966963936909363,8.057021202436802,971,1024,0.22726486311268546,0.27711802052051454
268804470,3,0.23941487005757928,8.019967927317396,132,1024,0.030862073093359827,0.08066223649400864
268805560,3,7.941550190597204,8.905711526639555,642,1024,4.978979709339263,5.134088111499365
269486747,3,9.952229299363058,8.755379363476363,192,1024,1.8660429936305734,1.972951706807325
269506167,3,8.256274768824307,9.866198692607227,992,1024,7.998266182298547,8.207898158850726
269531160,3,9.904912836767036,9.050251998489323,898,1024,8.686144265055466,8.831235761687797
269531306,3,9.222539887485013,8.440033994752703,191,1024,1.7202198422945678,1.7832645485566725
269555463,3,0.6758948848275116,8.012461554981547,676,1024,0.44619623256191193,0.4950401988482751
269572346,3,3.678634490876987,8.70169592410143,1008,1024,3.621155826957034,3.700188989846969
270312970,3,0.35392341805080213,8.438918722886044,440,1024,0.15207646869370403,0.2256953046749744
270315455,3,8.59697386519945,8.513863354694141,322,1024,2.7033452974552956,2.8208820495185694
273850708,3,1.8567688508457583,10.916573909621263,523,1024,0.9483301845628238,1.0081674619826577
278955112,3,9.536524890329963,9.011096769144803,894,1024,8.325833253862292,8.512093505626549
279648086,3,8.72524212546898,8.859824232265566,962,1024,8.196955981153476,8.299204912311316
279648366,3,8.639308855291576,8.011128958587188,533,1024,4.496827753779697,4.7246220302375805
279672579,3,8.702462796971542,8.505441388110096,364,1024,3.093453572360978,3.263423548864328
279673256,3,10.0,9.388291734590837,499,1024,4.873046875,5.13671875
279673508,3,8.72524212546898,8.26069388708613,962,1024,8.196955981153476,8.299204912311316
279727314,3,8.702462796971542,8.252801786479889,364,1024,3.093453572360978,3.305916042990166
279729433,3,10.0,8.319096649970172,846,1024,8.26171875,8.41796875
279738096,3,8.741258741258742,8.059780050775402,664,1024,5.668159965034965,5.838887674825175
279742514,3,8.702462796971542,8.98696833702876,1006,1024,8.549489818118527,8.702462796971542
279743010,3,8.805917576611483,9.227016273299999,495,1024,4.256766797287778,4.359961143888693
284077401,3,7.121999857560002,11.150183509716747,826,1024,5.744894416352111,5.8492205861405875
287174912,3,8.002560819462229,8.031926834927244,600,1024,4.689000480153649,4.8531154969590276
287187593,3,9.952229299363058,8.658841838955535,192,1024,1.8660429936305734,1.972951706807325
290170218,3,8.472422265525713,8.689471759622577,699,1024,5.7834210582055405,5.890981106498348
290170922,3,9.973072703700009,8.905823147824867,918,1024,8.940703849606063,9.047836466540339
290172535,3,8.389261744966444,8.853504326553628,313,1024,2.564295826342282,2.7445338716442955
290172682,3,9.872642906506071,8.992184157428772,317,1024,3.056277149767993,3.152689678151841
290172827,3,8.389261744966444,9.972474219139862,313,1024,2.564295826342282,2.728148594798658
290178674,3,9.93147283742179,9.091566252529377,490,1024,4.752364931969411,4.878448083225742
290178887,3,8.37030216790826,10.048776869753285,696,1024,5.689189754750146,5.893542835021344
299100138,3,0.2785825718743035,8.314268897576847,384,1024,0.10446846445286381,0.15833501643637174
299100783,3,0.35287433791952344,8.435048773224262,179,1024,0.06168408836679169,0.13267248056544584
299101961,3,0.2596694408018592,8.574169323612379,572,1024,0.14504972669791355,0.19906299905220654
299121137,3,8.472422265525713,8.376789070656544,699,1024,5.7834210582055405,5.890981106498348
299135549,3,8.16326530612245,8.637787822870079,900,1024,7.174744897959184,7.421875
299176311,3,1.042535446205171,8.499892018687413,438,1024,0.44592824749791493,0.499887601647206
299199539,3,5.287368476709141,8.343141580539111,621,1024,3.206499828160524,3.2684611774969596
300015572,3,8.1913499344692,8.19706591533345,642,1024,5.13559243938401,5.3835727596657925
300015853,3,9.45000945000945,9.004131635509324,623,1024,5.749370983745983,5.915484431109431
300035156,3,9.45000945000945,8.049148050633663,635,1024,5.860113281988282,6.053912303912304
300086018,3,9.63020030816641,10.508109378817576,673,1024,6.3292234447226505,8.482852224576272
300142761,3,9.493070058857034,8.075570395819295,966,1024,8.955376637554584,9.075894128536168
300161126,3,9.474182851729038,8.348870411733387,298,1024,2.7571352439602084,5.162689483657035
300290007,3,9.493070058857034,8.877469553619843,966,1024,8.955376637554584,9.075894128536168
300292105,3,9.45000945000945,8.381092864005396,623,1024,5.749370983745983,5.915484431109431
300293368,3,9.493070058857034,9.451349571672472,966,1024,8.955376637554584,9.075894128536168
300515536,3,9.45000945000945,8.027747896169727,495,1024,4.568119802494802,5.915484431109431
300967491,3,8.37030216790826,9.879497447845399,696,1024,5.689189754750146,5.893542835021344
301022285,3,2.3872045834328,8.197317397346042,741,1024,1.727459566722368,1.8183784912867031
301022289,3,2.3872045834328,8.03068763542638,741,1024,1.727459566722368,1.8183784912867031
301022292,3,2.3872045834328,11.034792510166936,750,1024,1.7484408570064454,1.8043909644306515
302378272,3,8.389261744966444,9.545209573369144,314,1024,2.572488464765101,2.7445338716442955
302378419,3,8.37030216790826,8.208375557133046,696,1024,5.689189754750146,5.836323972545408
302382747,3,8.389261744966444,9.099206872068413,314,1024,2.572488464765101,2.7445338716442955
302382775,3,8.389261744966444,8.154060191853457,535,1024,4.383061556208054,4.481373217281879
302411915,3,8.433836552247616,9.505672069138232,442,1024,3.640386480560006,3.7804013451969296
311924613,3,8.702462796971542,8.232566367677066,364,1024,3.093453572360978,3.305916042990166
313938838,3,0.2872589179531078,8.180208918490246,763,1024,0.21404155702951294,0.2737936561740559
314826949,3,2.0378219758721876,8.578321904242468,694,1024,1.3811020031790022,1.4408038188783827
316976812,3,8.661758336942398,8.099330959821515,107,1024,0.9050860762234733,1.1080960372455606
321055651,3,0.35278097240547235,8.08079352538642,920,1024,0.31695165489554156,0.3903328532572267
321067304,3,0.27873865185263647,8.168090216920596,576,1024,0.156790491667108,0.214770308898174
326104737,3,6.845564074479737,9.722898640994451,705,1024,4.713010422371303,4.77317651286966
326185753,3,10.0,8.818138144180748,619,1024,6.044921875,6.279296875
326186371,3,8.307717869901138,8.880200746201258,950,1024,7.707355445709063,7.918293594749522
326198086,3,0.2604668608013002,8.448022839377936,850,1024,0.21620784343857927,0.2698782610450972
328100489,3,4.726568038946921,10.05377930360347,268,1024,1.2370314789431394,1.3985840974618329
333603410,3,8.433836552247616,8.105797267295905,442,1024,3.640386480560006,3.7804013451969296
333605655,3,8.389261744966444,8.145859747356665,316,1024,2.5888737416107386,2.7527265100671143
339956401,3,9.474182851729038,8.106978314813768,240,1024,2.2205116058739933,2.405554239696826
340707374,3,9.904912836767036,8.97583201407235,263,1024,2.543937574286846,2.795429501782884
340782794,3,0.37991755788993786,8.440279251082835,7,1024,0.0025970926808882473,0.06975048914385577
344225252,3,9.555661729574773,8.097428969144074,335,1024,3.1261198041089346,3.2287685140946008
344280976,3,6.80920604657497,8.739300921408672,502,1024,3.338106870488901,5.126853380770803
344333654,3,8.389261744966444,10.429527963796222,314,1024,2.572488464765101,2.7527265100671143
349518145,3,4.143188597944978,8.819638622326748,659,1024,2.6663684434040436,2.7472900957076565
349835391,3,1.2934268049771063,10.01361569809923,678,1024,0.8563900134516387,0.959965206818946
349970685,3,1.2577034335303734,8.232620058158254,779,1024,0.9567880612501571,1.0120582316689724
350335635,3,2.388230798624379,10.861138476023092,9,1024,0.02099030975353458,0.1376031417176156
354823620,3,10.0,9.106635917419467,866,1024,8.45703125,8.61328125
355789510,3,9.720062208398133,8.116861346325187,139,1024,1.3194225068040435,1.5757132095645412
358049707,3,0.9135590433209697,9.362733323114178,1020,1024,0.9099904533079972,0.9537056809669108
358049708,3,0.9144111192392098,8.913544501565958,586,1024,0.523286050658376,0.5732929087417702
358252794,3,9.904912836767036,8.264113347116925,864,1024,8.357270206022186,8.608762133518225
358578009,3,0.29266893582648246,8.05129490513441,279,1024,0.07974085263241075,0.14061827776038024
358806647,3,0.34849519773617516,8.09733144461393,429,1024,0.14600042952033118,0.21849015326818794
364264574,3,10.0,9.29890662346851,658,1024,6.42578125,6.591796875
364265133,3,8.619203585588691,8.292123266378974,914,1024,7.693312575418031,7.945828305464574
365003233,3,5.747787101965742,9.395326014126118,755,1024,4.237870373031382,4.338905693183124
369481433,3,8.37030216790826,9.720463833386496,696,1024,5.689189754750146,5.893542835021344
369577423,3,8.389261744966444,8.498362410658345,321,1024,2.629836933724832,2.7527265100671143
369577787,3,8.322237017310252,8.838909966021733,656,1024,5.33143308921438,5.510231150133155
369577804,3,9.910802775024777,8.922647463958327,873,1024,8.449346506442023,8.575167244796829
369771753,3,8.748141020033243,8.431161365817404,536,1024,4.579105065173651,4.724337875076547
372816903,3,0.3281184376312474,8.030816845887335,905,1024,0.28998748638308486,0.357918256673929
372850605,3,1.3071724552620227,12.293818420350389,18,1024,0.022977640815152744,0.07914520725219279
380436899,3,1.3507672357899287,8.97864526920616,743,1024,0.980097711124919,1.0381384907877675
380881997,3,9.76848686138517,8.4529405997293,825,1024,7.8701188092214505,7.994132802578879
382340446,3,8.256274768824307,8.232734064472686,996,1024,8.030517255614267,8.183709853863936
382340740,3,8.002560819462229,8.914213418929949,600,1024,4.689000480153649,4.837485495358515
382602147,3,2.1382141635306193,8.42532588985293,346,1024,0.7224825200992132,0.7893017127095451
388104413,3,8.743551630672378,9.368043795007926,664,1024,5.66964676051412,5.8404192533006904
388104525,3,2.4970035956851775,8.312457617944254,10,1024,0.02438480073911306,0.12680096384338793
388105497,3,0.2475511007359694,8.295689454487844,454,1024,0.10975410130286142,0.16124666424891756
393489279,3,8.577064928381509,8.401106542791602,702,1024,5.879980058324042,6.047500857706494
396696445,3,9.541984732824426,8.677113658889992,187,1024,1.7425304150763357,1.8823055820610686
396697668,3,8.668515950069347,8.709532967699424,1010,1024,8.550001083564492,8.693911992891815
396721366,3,0.31260354992591294,8.49639594433423,439,1024,0.13401656095456618,0.1969036032248182
398704578,3,8.24606250515379,8.130275042383058,180,1024,1.4495031747340645,1.6186118784530388
399670999,3,1.4442310191938303,8.185218068437228,650,1024,0.9167482055429587,0.980215389003625
399671000,3,1.4457343607685524,10.70019882673218,652,1024,0.9205261750206017,0.9812357233731874
399702888,3,9.904912836767036,8.263862154119911,736,1024,7.119156101426307,7.21588376584786
401912634,3,4.197447951645399,8.266168981081142,382,1024,1.5658448413364674,1.656024387172599
402129981,3,0.6218286737638046,9.10236773053915,465,1024,0.2823733723634464,0.3358117740150234
404465876,3,8.322237017310252,9.100999580086135,652,1024,5.298924350865512,5.428959304260985
404466287,3,9.872642906506071,8.965353936544103,317,1024,3.056277149767993,3.1816134366669955
404517735,3,0.2386862707657056,8.413468180338839,526,1024,0.12260642424097767,0.16642773176436892
404518184,3,2.1205309809576316,8.331391894142085,724,1024,1.4992816701302005,1.5551941081046692
404518187,3,4.242861385718529,10.098974817210685,731,1024,3.028839524375239,3.0868473948831094
408003170,3,8.37030216790826,8.47349603097218,457,1024,3.735574307357495,3.825489662676822
408015325,3,8.099789405475457,8.011722878013021,218,1024,1.7243692289000485,1.8667483395431717
408015722,3,8.494011721736175,8.110318377334055,273,1024,2.2645167969081794,2.488479996602395
415972748,3,2.1236382169933528,8.732327770828588,348,1024,0.7217051753063347,0.8191768512816155
415972830,3,0.42356369550853057,8.075401848221281,960,1024,0.3970909645392474,0.4504500628992088
415973609,3,9.703085581214825,9.314766176119454,780,1024,7.39102222006598,7.514205923733747
415973859,3,8.389261744966444,8.670979823695536,321,1024,2.629836933724832,2.7527265100671143
415973906,3,9.904912836767036,8.306674909960048,938,1024,9.07305492274168,9.208473652931854
419050733,3,0.2820190306441879,8.426002932605707,619,1024,0.17047830075073467,0.22914046239840263
419050794,3,8.433836552247616,10.043029732581607,442,1024,3.640386480560006,3.7804013451969296
419050797,3,0.2658429081087404,8.273761423638584,451,1024,0.11708510894242374,0.1677094908576624
419050814,3,8.389261744966444,9.3341680346445,321,1024,2.629836933724832,2.7527265100671143
423357271,3,9.720062208398133,8.21251558095914,573,1024,5.439058247472784,5.552965226477449
423357994,3,0.2693443082160788,8.360898266658612,241,1024,0.06339060378913573,0.11941632415048806
423357997,3,0.26933777920227536,8.359419462658064,370,1024,0.09731931475082216,0.15308065185129321
423357999,3,0.26932472212421793,8.320658257546663,631,1024,0.1659608395120913,0.21935236157382593
423359412,3,6.538084341288003,9.263037218231421,373,1024,2.3815483000980713,2.464551323962079
423618374,3,0.9772209789799766,8.297858049919776,893,1024,0.8522054045206241,0.9018299073594511
423662760,3,9.37031484257871,8.232326914060675,358,1024,3.275949915667166,3.404059688905547
423664296,3,0.26735465932332536,8.485925100789826,989,1024,0.25821656061598514,0.3138284184635128
423666565,3,0.23684110803743988,8.259318117606483,822,1024,0.19012049883474177,0.23938529962768582
423668402,3,9.893153937475267,9.045893912367656,19,1024,0.18356437969924813,0.3091610605461021
423670215,3,0.3429378802323747,8.519427004123076,695,1024,0.23275569019677775,0.304089448487301
423699295,3,0.3610186502234705,8.468707092990181,666,1024,0.2348031455554994,0.30884017343335957
425862362,3,0.29700823603838533,8.002734947643388,517,1024,0.14995435354672385,0.21173438701955205
425998394,3,9.904912836767036,8.184609584779563,870,1024,8.415306804675119,8.695817031497622
431479927,3,8.289124668435013,8.19407454919928,296,1024,2.396075099469496,2.582256610576923
439402776,3,9.904912836767036,8.326763798489345,694,1024,6.712899910855784,6.819300341719492
439402807,3,8.472422265525713,10.234389383294625,321,1024,2.6559058078454627,2.7800135558756245
439402835,3,8.287063893262617,8.419418652550059,352,1024,2.8486782133090247,3.059091944973896
439405336,3,0.33225240550741586,8.869872020784054,231,1024,0.07495147038302057,0.1278393044628143
439405827,3,9.973072703700009,9.205521105893746,918,1024,8.940703849606063,9.047836466540339
439409190,3,8.45522955948254,8.052246186849754,16,1024,0.13211296186691468,0.2559688636171472
439411755,3,9.63020030816641,9.551852551019092,938,1024,8.821413954160247,8.953076848998458
439454568,3,0.48236241817927483,8.011039192465576,330,1024,0.15544882617105538,0.21433095729645513
439456714,3,3.996642820031173,9.217536454141465,810,1024,3.161406918188721,3.2238544622517082
439458156,3,8.472422265525713,9.045228926679743,321,1024,2.6559058078454627,2.7800135558756245
439458233,3,10.0,10.148949380262215,536,1024,5.234375,5.341796875
439459577,3,0.38220017351887875,8.045328938106657,122,1024,0.045535567548147665,0.12466294722197803
439459802,3,8.328475056217206,8.71519971942497,524,1024,4.261836845173648,4.473302032147913
439460056,3,8.24606250515379,8.302632950545295,180,1024,1.4495031747340645,1.6186118784530388
439463542,3,8.433836552247616,10.704991850535352,442,1024,3.640386480560006,3.7804013451969296
439465190,3,8.389261744966444,8.373887157475835,998,1024,8.176253145973154,8.290950083892618
439467565,3,0.6659563132658497,8.041410211774453,857,1024,0.5573482035828449,0.6197816079515184
439467848,3,8.39137366786943,8.286773167743196,192,1024,1.5733825627255182,1.6635242720483343
439489318,3,8.457374830852503,8.615802145994394,321,1024,2.6511887897496615,2.7750761163734774
439489662,3,9.872642906506071,8.952053603294015,317,1024,3.056277149767993,3.1816134366669955
439492256,3,9.952229299363058,8.17660963150671,192,1024,1.8660429936305734,1.9923896546576434
439494207,3,8.307717869901138,8.012411258192255,950,1024,7.707355445709063,7.86961556035557
439495201,3,8.349336227769893,10.298763400514625,98,1024,0.7990575686732905,1.002898785171579
439495607,3,8.389261744966444,9.348769903590776,314,1024,2.572488464765101,2.7527265100671143
439496307,3,8.349336227769893,8.116709213789264,98,1024,0.7990575686732905,1.002898785171579
439497035,3,8.45522955948254,8.411352699548736,16,1024,0.13211296186691468,0.2559688636171472
439497060,3,8.37030216790826,8.175079125794745,696,1024,5.689189754750146,5.893542835021344
439498894,3,8.37030216790826,8.099376451971539,696,1024,5.689189754750146,5.893542835021344
439500128,3,8.374507997655138,8.17624190845283,608,1024,4.972364123607738,5.2013545766686216
439500676,3,8.389261744966444,8.620136166376286,868,1024,7.111210151006712,7.250485004194632
441492393,3,0.3272776066843178,8.66344094818872,134,1024,0.042827343062205654,0.10195464505107167
441492394,3,0.3272776066843178,8.66358909280922,134,1024,0.042827343062205654,0.10195464505107167
469969397,3,8.349336227769893,8.188478793480817,98,1024,0.7990575686732905,0.9865914878517158
10002571953,3,9.904912836767036,9.007394799602768,898,1024,8.686144265055466,8.831235761687797
