row_id,tic_id,Disposition,RA,Dec,Epoc,Period,Duration,Transit_Depth,Sectors,SN,Qingress
0,7390722,J,0,0,-0.6685155405777236,0.5002801568878571,1.090454404466501,0,6,0,0
1,7391717,J,0,0,-0.8568213000762461,0.3176922832544397,1.5859794453092735,0,6,0,0
2,11196470,J,0,0,3.969443044354838,8.064516129032258,3.4022177419354804,0,6,0,0
3,11355200,J,0,0,2.6154148180598016,7.456565505927969,2.9709753187681756,0,6,0,0
4,11904115,J,0,0,-0.7413905438975956,0.26441945386806,1.320031492356956,0,6,0,0
5,12345505,J,0,0,-0.8507421897273671,0.2479156491795232,1.0865678061696293,0,6,0,0
6,12350004,J,0,0,-0.7280014909721438,0.3527884398284037,1.7611860394558585,0,6,0,0
7,14175541,J,0,0,-0.8468217154426827,0.3793338896897049,1.8937059024353236,0,6,0,0
8,14219287,J,0,0,-0.8211116148266535,0.3073518564052127,1.4983402999754116,0,6,0,0
9,14221836,J,0,0,-0.884395212960703,0.4881620698071759,2.4369965828655107,0,6,0,0
10,20070806,J,0,0,-0.8651391749537256,0.36293688527565054,1.8118489819620365,0,6,0,0
11,20070808,J,0,0,-0.8169425993235078,0.36292503057643377,1.8117898010807905,0,6,0,0
12,20070815,J,0,0,-0.8169425993235078,0.36292503057643377,1.8117898010807905,0,6,0,0
13,21437385,J,0,0,-0.7363208112706776,0.26278101144411303,1.3118520805686578,0,6,0,0
14,21442712,J,0,0,-0.8127922147992297,0.34950004019250464,1.7447697318985198,0,6,0,0
15,24359224,J,0,0,-0.8656550236763028,0.3426382459662912,1.7105143685348443,0,6,0,0
16,24451977,J,0,0,-0.8025961807145108,0.5945338557304145,1.8114703416786069,0,6,0,0
17,24460965,J,0,0,-0.9425240488055413,0.2776196887883289,1.2102483308116212,0,6,0,0
18,24608081,J,0,0,-0.8479084380105827,0.2997916448068592,1.4966161018092423,0,6,0,0
19,24611596,J,0,0,-0.9074461486747424,0.3542996028301452,1.7687300485036157,0,6,0,0
20,24772756,J,0,0,-0.8214776589364254,0.31987205117952816,1.5968612554978008,0,6,0,0
21,25581113,J,0,0,-0.7213757525480151,0.30207647368007684,1.5080223959497585,0,6,0,0
22,25640375,J,0,0,-0.8041451326751003,1.9284171551990126,1.3559183122493055,0,6,0,0
23,25642741,J,0,0,-0.9451388835025685,0.22160861259711997,1.106311745699685,0,6,0,0
24,29988657,J,0,0,-0.943204074033477,0.25791143321383436,1.2875422329971888,0,6,0,0
25,31926340,J,0,0,-0.9321519369545789,0.2083250871319677,1.03999789591662,0,6,0,0
26,32151895,J,0,0,-0.5922990332118894,0.5342108637121245,2.6668807961878715,0,6,0,0
27,32548224,J,0,0,-0.8859091679288619,0.33142982139246924,1.6545598114827174,0,6,0,0
28,32870095,J,0,0,-0.8339724379175937,0.3605773564631688,1.8000697717184757,0,6,0,0
29,32928902,J,0,0,-0.7380227348075785,0.2641700832664102,1.318786587556532,0,6,0,0
30,32948093,J,0,0,1.4303089488636362,4.545454545454545,1.3849431818181799,0,6,0,0
31,33420441,J,0,0,-0.9216479776881787,0.3127971572994344,1.0483592225113858,0,6,0,0
32,33470594,J,0,0,0.2935237195839875,9.811616954474097,2.7595172684458404,0,6,0,0
33,33743771,J,0,0,-0.9166216592067475,1.2936275904892498,3.456411218338464,0,6,0,0
34,33879056,J,0,0,-0.3690171456345719,0.5820958944776562,2.8104317405249333,0,6,0,0
35,34079393,J,0,0,-0.6715302645966936,0.3020682613857079,1.507981398636463,0,6,0,0
36,34137874,J,0,0,-0.8580990755975061,0.34638032559750603,1.7291955316937997,0,6,0,0
37,34196883,J,0,0,0.4994594353832946,1.6196692635363859,2.2017379051197743,0,6,0,0
38,34259908,J,0,0,-0.8061301979874154,0.237894160887821,1.187612256307169,0,6,0,0
39,34320297,J,0,0,-0.821435904003192,0.29999940000119996,1.4976532546934906,0,6,0,0
40,34321577,J,0,0,-0.7562342927449837,0.2833326722237648,1.3945279961013428,0,6,0,0
41,34376341,J,0,0,-0.6411649591468284,1.157313643570544,2.034340389088847,0,6,0,0
42,34392932,J,0,0,-0.9438380247940221,0.2644131614295233,1.3200000793239484,0,6,0,0
43,34434915,J,0,0,-0.8206548616756285,0.37289222668864247,1.8615479129222072,0,6,0,0
44,34551264,J,0,0,-0.7844982440029723,0.2803987269897794,1.3932311747304662,0,6,0,0
45,34590563,J,0,0,-0.8590105330249016,0.2513023745561372,1.2545485729794663,0,6,0,0
46,34853759,J,0,0,1.0475402237634546,3.203485392106612,4.880309777037414,0,6,0,0
47,35410007,J,0,0,-0.8295526333835592,0.3757547974493764,1.8758384028918085,0,6,0,0
48,35410016,J,0,0,-0.6199824620163021,0.3757971597250668,1.8760498833149826,0,6,0,0
49,35410043,J,0,0,-0.8023516896996257,0.37584376926199314,1.8762825668626062,0,6,0,0
50,35831848,J,0,0,-0.6569330114512137,0.38247206997708993,1.9093722868387544,0,6,0,0
51,35951962,J,0,0,-0.8280087416392923,0.2083016541234354,1.0398809139443375,0,6,0,0
52,36008108,J,0,0,2.768569487891699,5.393452348848498,1.1376813548352338,0,6,0,0
53,36094122,J,0,0,-0.873635903635071,0.332212669262355,1.6584679348331632,0,6,0,0
54,36219779,J,0,0,5.028574778308322,8.526603001364256,3.1974761255115993,0,6,0,0
55,36438533,J,0,0,1.0327330820566685,2.561869139724343,2.34170851052928,0,6,0,0
56,36438579,J,0,0,0.9995239808263374,3.6660923122044213,6.444302892546835,0,6,0,0
57,36988624,J,0,0,0.27611330811554335,1.2281391235999215,2.4754679210060946,0,6,0,0
58,37083951,J,0,0,-0.840801147407361,0.8957122255761668,1.9733659969724928,0,6,0,0
59,37090456,J,0,0,4.979171593058789,7.275902211874272,3.240050203725268,0,6,0,0
60,37300880,J,0,0,1.8671731807073515,6.788405403570701,1.7501357681080698,0,6,0,0
61,37300889,J,0,0,1.8671731807073515,6.788405403570701,1.7501357681080698,0,6,0,0
62,37404312,J,0,0,4.708480118687766,8.890469416785205,3.125555654338555,0,6,0,0
63,37493872,J,0,0,-0.9110565203999879,0.7558350465594388,1.824633042084895,0,6,0,0
64,37603478,J,0,0,-0.6431468245738324,0.36706946422541,1.8324795909377891,0,6,0,0
65,37662196,J,0,0,0.46578335471456045,3.2071840923669015,2.405388069275176,0,6,0,0
66,37917044,J,0,0,-0.8291292712668217,0.27022644976490295,1.3490211046857263,0,6,0,0
67,38683200,J,0,0,-0.8770112826213136,0.547567159112065,2.4640522160042924,0,6,0,0
68,38707720,J,0,0,1.0917220443803846,3.3519927596956394,1.2569972848858733,0,6,0,0
69,39720946,J,0,0,-0.9499309224189403,0.25959866047091196,1.2959651878196308,0,6,0,0
70,39724477,J,0,0,0.7601409375631443,4.04122044857547,1.5154576682158023,0,6,0,0
71,39838995,J,0,0,-0.9421063301868023,0.2688576774998387,1.342187936893726,0,6,0,0
72,40411444,J,0,0,-0.662847229336557,0.4097856820882678,2.0457269598000236,0,6,0,0
73,40973298,J,0,0,-0.9407508133232418,0.24414956602414642,1.2188404116361684,0,6,0,0
74,41087940,J,0,0,-0.6122891826456245,0.3664198218466826,1.8292364543752369,0,6,0,0
75,41112107,J,0,0,-0.30131049319216807,1.1558288448646525,1.462845881781826,0,6,0,0
76,41172665,J,0,0,-0.5599278119123344,0.8666036934649415,2.0717244546896256,0,6,0,0
77,41260686,J,0,0,-0.5287222511661487,0.5120301483351339,2.556150506141801,0,6,0,0
78,41332491,J,0,0,-0.6272817334736754,0.3468091821199058,1.7313364638642166,0,6,0,0
79,42168370,J,0,0,-0.20277831077309516,1.7443483114708345,2.698288794306446,0,6,0,0
80,42176102,J,0,0,0.05668937533191709,1.6595857673924588,1.5558616569304284,0,6,0,0
81,42635955,J,0,0,-0.1458534336621522,0.9016969937422228,1.098943211123335,0,6,0,0
82,42765764,J,0,0,-0.7869919123843079,0.3467731028910473,1.7067738657918736,0,6,0,0
83,42766863,J,0,0,-0.7264948355257517,0.34301198826899,1.7123801601865984,0,6,0,0
84,42766870,J,0,0,-0.7569723445180411,0.34301904784772697,1.7124154029273249,0,6,0,0
85,42766887,J,0,0,-0.8109410152579342,0.34295199357993866,1.7120806554498496,0,6,0,0
86,42766904,J,0,0,-0.7185221117508676,0.3429308239941839,1.7119749729084655,0,6,0,0
87,42766914,J,0,0,-0.7653685634149185,0.34298728203158224,1.7122568220170395,0,6,0,0
88,42766933,J,0,0,-0.7499969457095041,0.3429378802323747,1.7120101989725578,0,6,0,0
89,42767936,J,0,0,-0.9506671104481432,0.2723281881460986,1.3595133767606016,0,6,0,0
90,42993546,J,0,0,-0.8349550892357869,0.31239554274039616,1.5375718119253874,0,6,0,0
91,43083929,J,0,0,-0.8360560337817325,0.36141791476319896,1.8042659963569072,0,6,0,0
92,43083930,J,0,0,-0.8840530791097264,0.3614296712074281,1.804324686730832,0,6,0,0
93,43241389,J,0,0,-0.9199098495744414,0.34824761798629295,1.7221932983228392,0,6,0,0
94,46365985,J,0,0,-0.7519409467330445,0.30882975142293306,1.5417360246816731,0,6,0,0
95,46368248,J,0,0,-0.7693027498665345,0.38133007931665647,1.903671255338621,0,6,0,0
96,46559409,J,0,0,-0.7793685418956142,0.28544107782550987,1.4249753807070367,0,6,0,0
97,47340020,J,0,0,-0.7233334906034473,0.2937340649269777,1.039543214155632,0,6,0,0
98,47340024,J,0,0,-0.7233334906034473,0.2937340649269777,1.039543214155632,0,6,0,0
99,47347963,J,0,0,3.12975926851918,7.143367383384527,2.009072076576892,0,6,0,0
100,47348596,J,0,0,4.042258932001536,7.683442182097579,3.9617748751440516,0,6,0,0
101,47501010,J,0,0,-0.9161928770650075,0.9328097161460034,1.486665485107693,0,6,0,0
102,47594934,J,0,0,-0.9486324184308111,0.3085067655533686,1.5401236186609573,0,6,0,0
103,47643047,J,0,0,-0.946712382153142,0.4807622966976438,2.400055528045269,0,6,0,0
104,47763223,J,0,0,-0.8747865535624424,0.20967877212111047,1.046755745198356,0,6,0,0
105,47852936,J,0,0,-0.7896694125365153,0.309451898796851,1.2764890825370103,0,6,0,0
106,47988740,J,0,0,1.7881107513410504,3.529079616036138,2.1505328910220243,0,6,0,0
107,48176862,J,0,0,-0.657531359589965,1.9268565262630544,2.258034991714517,0,6,0,0
108,48398690,J,0,0,-0.9110308670830681,0.7956715467854869,1.1748587683004454,0,6,0,0
109,48950439,J,0,0,-0.18052730391740324,4.2488103331067295,2.8878632732834824,0,6,0,0
110,49080528,J,0,0,-0.7096161696459264,0.3125097659301853,1.560107347104596,0,6,0,0
111,49547779,J,0,0,6.8320685233778615,9.541984732824426,4.249165076335878,0,6,0,0
112,49610079,J,0,0,7.4033203125,10.0,5.390625,0,6,0,0
113,49614605,J,0,0,-0.6971923513679511,0.45835185838760983,2.288178418044396,0,6,0,0
114,49774041,J,0,0,1.8123328670753276,4.114041222693051,1.3499197761961632,0,6,0,0
115,50527567,J,0,0,4.353628013219284,9.720062208398133,46.92967534992223,0,6,0,0
116,50584613,J,0,0,-0.7870214121920496,0.3619752264155041,1.80704820062115,0,6,0,0
117,52001603,J,0,0,-0.7682307813255568,0.2966645999032873,1.474052230769459,0,6,0,0
118,52111995,J,0,0,-0.7121567639088195,0.5000025000125,2.4961062305311534,0,6,0,0
119,52112100,J,0,0,-0.5481826452161014,0.5260499957916,2.6261402133658764,0,6,0,0
120,52114758,J,0,0,-0.8198005967556887,0.31869462680859195,1.4938810631652744,0,6,0,0
121,52318597,J,0,0,-0.9377602582531722,0.25240988336139286,1.2600774645932034,0,6,0,0
122,52318598,J,0,0,-0.7523855000971822,0.2524213518173075,1.2601347172754649,0,6,0,0
123,52318607,J,0,0,-0.968330313811544,0.2523716627002254,1.2598866598862815,0,6,0,0
124,52322808,J,0,0,7.214427652355752,8.535336292249914,1.8004224991464355,0,6,0,0
125,52389634,J,0,0,-0.8965320670065201,0.3196113525952442,1.5955597992840702,0,6,0,0
126,52509495,J,0,0,-0.3965649850360119,0.6145374990781938,1.7139834935227753,0,6,0,0
127,52556769,J,0,0,-0.9020446964252234,0.31248046997062684,1.5233422911068057,0,6,0,0
128,52556780,J,0,0,-0.9020446964252234,0.31248046997062684,1.5233422911068057,0,6,0,0
129,52661343,J,0,0,-0.8224031042497628,0.28571755105772634,1.4263555869209936,0,6,0,0
130,52665324,J,0,0,-0.8762201297329539,0.3106632038074882,1.5144831185615049,0,6,0,0
131,52810888,J,0,0,-0.7030820763550828,0.5640889681120506,1.9831252785189268,0,6,0,0
132,52915490,J,0,0,-0.8377441571726527,0.22744693094483728,1.13545772557618,0,6,0,0
133,52974502,J,0,0,-0.9366093170644705,0.2426619040223637,1.2114137239866438,0,6,0,0
134,53077568,J,0,0,-0.7309727491189775,1.3149589732800335,3.7291414632863447,0,6,0,0
135,53120719,J,0,0,-0.7188949297071001,0.5099231035959777,2.545631743733045,0,6,0,0
136,53120749,J,0,0,-0.8682973803404667,0.5089188020051401,2.2662790401791395,0,6,0,0
137,53172615,J,0,0,-0.684006815516501,0.33034917908228995,1.649165042449869,0,6,0,0
138,53172621,J,0,0,-0.684006815516501,0.33034917908228995,1.649165042449869,0,6,0,0
139,53172629,J,0,0,-0.7862582861451853,0.33037209809408336,1.6492794584540567,0,6,0,0
140,53172641,J,0,0,-0.7862582861451853,0.33037209809408336,1.6492794584540567,0,6,0,0
141,53234446,J,0,0,-0.9673623901160906,0.2893585499664344,1.4445321361605592,0,6,0,0
142,53406423,J,0,0,-0.6757172610743578,0.3671260637477697,1.8327621463658188,0,6,0,0
143,53421164,J,0,0,-0.6564761652992688,1.0627444312191805,1.5443005016153717,0,6,0,0
144,53458000,J,0,0,-0.709560097983832,0.30209289960848756,1.5081043972642458,0,6,0,0
145,53561704,J,0,0,-0.9398334249438256,2.4161008963734325,1.5289388484863127,0,6,0,0
146,53680617,J,0,0,0.2686489413141093,1.3525210993291494,1.9336825091971441,0,6,0,0
147,53685428,J,0,0,-0.9629955531648038,0.22159388046339712,1.0387213146721739,0,6,0,0
148,55388954,J,0,0,-0.7394620663598096,0.33622034536553874,1.6784750053795263,0,6,0,0
149,55399944,J,0,0,-0.890908288221268,0.484641704387946,2.4194222586241994,0,6,0,0
150,55399950,J,0,0,-0.7282175110692348,0.48443040672776944,2.4183674210862867,0,6,0,0
151,55449989,J,0,0,-0.636567939709069,0.47834759606415594,1.9956063773301507,0,6,0,0
152,55760805,J,0,0,-0.6605314222845537,0.386884611664571,1.9314005222942257,0,6,0,0
153,55786510,J,0,0,-0.8361595958617776,0.5030661884184102,2.5114007374950327,0,6,0,0
154,59214038,J,0,0,6.199559706926367,9.101665604805678,3.4131246018021173,0,6,0,0
155,59214105,J,0,0,8.119317528074372,9.204712812960235,5.824857326951403,0,6,0,0
156,59278171,J,0,0,3.5514327216809782,8.256274768824307,2.1285708388375113,0,6,0,0
157,59349221,J,0,0,-0.673297235219666,0.30207099876755034,1.5079950641598798,0,6,0,0
158,59349222,J,0,0,-0.7134082483483819,0.30207921121076364,1.5080360622162337,0,6,0,0
159,59475482,J,0,0,-0.9362201800321013,0.3357868156664696,1.676310743834954,0,6,0,0
160,59475486,J,0,0,-0.6521531148187956,0.335874785879824,1.6767499076344343,0,6,0,0
161,59547386,J,0,0,2.662109375,9.124087591240876,3.8492244525547434,0,6,0,0
162,59615947,J,0,0,5.6989805640243905,8.96700143472023,2.942297345767564,0,6,0,0
163,59765843,J,0,0,6.298666448620361,9.514747859181732,3.3450285442435828,0,6,0,0
164,59775131,J,0,0,6.298666448620361,9.514747859181732,3.3450285442435828,0,6,0,0
165,60120938,J,0,0,-0.36470452275549325,0.7712419308812981,1.572610499687646,0,6,0,0
166,60172440,J,0,0,6.841386867843511,9.541984732824426,4.696445610687022,0,6,0,0
167,60240482,J,0,0,-0.8205487140490269,0.2846756263575469,1.4211541034568167,0,6,0,0
168,60240484,J,0,0,-0.7769097790565602,0.284665901864277,1.4211055569630704,0,6,0,0
169,60240490,J,0,0,-0.9147700779783989,0.284748581240194,1.421518307910031,0,6,0,0
170,60240492,J,0,0,-0.8147122220877933,0.28467319517194256,1.4211419665224325,0,6,0,0
171,60240493,J,0,0,-0.8147122220877933,0.28467319517194256,1.4211419665224325,0,6,0,0
172,60481873,J,0,0,-0.6486389204144408,0.3714958652510197,1.488885772451352,0,6,0,0
173,60488913,J,0,0,-0.6922906574969119,0.35908189939961505,1.7926041696590151,0,6,0,0
174,61341428,J,0,0,0.8241450471698113,9.433962264150942,1.326650943396226,0,6,0,0
175,63047271,J,0,0,-0.8265348093727882,0.3402842053683236,1.690787145423858,0,6,0,0
176,63199123,J,0,0,-0.6400690031677754,0.3766676962250363,1.8803957647484233,0,6,0,0
177,63199126,J,0,0,-0.8140823194499891,0.376616626870843,1.8801408169567866,0,6,0,0
178,63199140,J,0,0,-0.8140823194499891,0.376616626870843,1.8801408169567866,0,6,0,0
179,63199145,J,0,0,-0.8140823194499891,0.376616626870843,1.8801408169567866,0,6,0,0
180,66526247,J,0,0,0.8150670502696458,9.63020030816641,2.708493836671801,0,6,0,0
181,66686232,J,0,0,-0.931273786221069,0.2296105804555474,1.1462590696179278,0,6,0,0
182,66738348,J,0,0,7.580992418351476,9.720062208398133,5.01190707620529,0,6,0,0
183,67043250,J,0,0,-0.7639180510386331,0.3332155971556716,1.6634747389255797,0,6,0,0
184,67043256,J,0,0,-0.6813929026907175,0.33342224593224856,1.664506368364898,0,6,0,0
185,67201592,J,0,0,-0.7240015628283253,0.30018311169813583,1.4985703779305382,0,6,0,0
186,67262876,J,0,0,3.4184795519333377,7.309407207075505,1.3705138513266633,0,6,0,0
187,71625658,J,0,0,-0.7820794229716943,0.2849944711072605,1.2023204249837551,0,6,0,0
188,71631072,J,0,0,-0.8785563011794182,0.30554876558298705,1.5038728306037643,0,6,0,0
189,71915647,J,0,0,-0.656720562823994,0.9874105159219946,1.1108368304122442,0,6,0,0
190,71970651,J,0,0,-0.9478500360169421,0.3327200194308491,1.661000722002442,0,6,0,0
191,72340291,J,0,0,0.7449030169839714,2.3887442371545275,2.799309652915463,0,6,0,0
192,72420394,J,0,0,0.7327739169007836,2.112333917745717,3.663579138590226,0,6,0,0
193,72424268,J,0,0,-0.915610937102875,0.2990117661129965,1.4156338301912181,0,6,0,0
194,72557702,J,0,0,-0.7745032606982425,1.5761683347781543,1.5884821498936093,0,6,0,0
195,77896062,J,0,0,-0.6863102465737521,0.4837625113079487,1.8821385205574876,0,6,0,0
196,78112372,J,0,0,-0.8858106784138411,0.2322340919647004,1.159356130980028,0,6,0,0
197,78564324,J,0,0,-0.7209175030199733,0.3309559663086826,1.6521942380566268,0,6,0,0
198,78568256,J,0,0,-0.60536851714265,0.36242389098289357,1.783805088431429,0,6,0,0
199,78569143,J,0,0,-0.14284995864642358,1.2822814351293823,1.9534756238299176,0,6,0,0
200,78684270,J,0,0,-0.8197116303809162,0.30590768929567813,1.527148542655768,0,6,0,0
201,78738195,J,0,0,-0.7369178837887957,0.28750916435461377,1.4150841683078648,0,6,0,0
202,78742061,J,0,0,-0.9376910133487801,0.3458233188663911,1.726414849653312,0,6,0,0
203,78742111,J,0,0,-0.7123047064206536,0.34597766368203264,1.6298791500020755,0,6,0,0
204,79133570,J,0,0,7.3488965556569354,9.124087591240876,4.276916058394178,0,6,0,0
205,79134367,J,0,0,-0.7430565625524124,0.34941577682115504,1.7197807765416226,0,6,0,0
206,79535398,J,0,0,-0.8222588891690253,0.368062482286993,1.837436923292098,0,6,0,0
207,79689666,J,0,0,-0.9647512709247781,0.28991725761467674,1.447321309498269,0,6,0,0
208,79865507,J,0,0,-0.9108452657563477,0.3580174426098039,1.7621171003451286,0,6,0,0
209,79865548,J,0,0,-0.6534159990617121,0.3581251432500573,1.5444146802658714,0,6,0,0
210,79874404,J,0,0,-0.8665543394334319,0.2713969343002301,1.2403688012940202,0,6,0,0
211,80575088,J,0,0,2.124156399078133,3.223310985043837,4.003956614234141,0,6,0,0
212,80596581,J,0,0,-0.8254401141153629,0.29916204710605593,1.4934730320372631,0,6,0,0
213,80602803,J,0,0,-0.8732468163505371,0.33323558422862626,1.5386111740556105,0,6,0,0
214,80660917,J,0,0,5.280896528236459,8.256274768824307,2.3220772787318325,0,6,0,0
215,80660944,J,0,0,-0.9492475097444781,8.661758336942398,2.4361195322650495,0,6,0,0
216,80836839,J,0,0,-0.8721486491799104,0.24960873830271052,1.2226928040296836,0,6,0,0
217,80836852,J,0,0,-0.9042086348218275,0.24959378611310096,1.0295743677165414,0,6,0,0
218,88920695,J,0,0,5.324521198478429,9.63020030816641,9.705436248073973,0,6,0,0
219,89189825,J,0,0,1.01023831281262,9.619084263178145,59.067189303578296,0,6,0,0
220,89197589,J,0,0,-0.7542829898477278,0.2370364751727996,1.1833305284017102,0,6,0,0
221,89291107,J,0,0,2.8173259331419196,8.203445447087777,1.3458777686628451,0,6,0,0
222,91603160,J,0,0,-0.575368740845844,2.288538996704504,3.4328084950567557,0,6,0,0
223,91605946,J,0,0,-0.559466858265425,7.275902211874272,3.4105791618160657,0,6,0,0
224,91608846,J,0,0,-0.9159488922488604,0.3563906183733619,1.6789339287432594,0,6,0,0
225,91869365,J,0,0,0.5739200712143926,9.37031484257871,5.270802098950526,0,6,0,0
226,91869797,J,0,0,3.838987705684368,9.349289454001497,7.450215033657443,0,6,0,0
227,91922289,J,0,0,-0.8115617281568386,0.3150380250896283,1.557961483451052,0,6,0,0
228,91923513,J,0,0,3.4019744225194044,9.351912466099316,7.452305246422895,0,6,0,0
229,91925782,J,0,0,3.4019744225194044,9.351912466099316,7.452305246422895,0,6,0,0
230,91932204,J,0,0,-0.7365220661449707,0.3421704556341787,1.7081790714862517,0,6,0,0
231,92010738,J,0,0,-0.14366080639614853,8.59697386519945,2.417898899587348,0,6,0,0
232,92845908,J,0,0,3.950095349409448,7.030371203599549,1.3181946006749143,0,6,0,0
233,92989151,J,0,0,-0.8380367326400537,0.26836632002683664,1.3334451526333446,0,6,0,0
234,93025241,J,0,0,-0.8257710383488581,0.2682864010989011,1.2324406550480769,0,6,0,0
235,95053069,J,0,0,-0.9109321163412544,0.3555770482126919,1.7751072953742983,0,6,0,0
236,95336272,J,0,0,3.799852093446601,8.668515950069347,4.063366851594999,0,6,0,0
237,95403505,J,0,0,1.473671530837004,5.506607929515418,14.454845814977975,0,6,0,0
238,96581900,J,0,0,-0.604961245521325,0.35973293426959824,1.7958542577990104,0,6,0,0
239,96581930,J,0,0,-0.8657343277104017,0.3594458782341143,1.7944212202468672,0,6,0,0
240,96803671,J,0,0,1.194765563460023,2.4615990547459625,2.8846863922804182,0,6,0,0
241,96990524,J,0,0,-0.9652173326965738,0.24648755237860487,1.2305120778900664,0,6,0,0
242,97278349,J,0,0,-0.38047422227484606,2.4927088266819553,2.1616459356382576,0,6,0,0
243,97640328,J,0,0,-0.49227128186680424,1.3574783482203459,2.5452719029131483,0,6,0,0
244,97714402,J,0,0,4.298235029450263,6.544502617801047,2.7609620418848166,0,6,0,0
245,100479931,J,0,0,-0.6480957926305776,0.4640694247859479,2.3167215815486,0,6,0,0
246,100589500,J,0,0,-0.8588820596180001,0.26985017918051896,1.347142691377747,0,6,0,0
247,100589501,J,0,0,-0.9308211788033183,0.26986328725867476,1.3472081293616651,0,6,0,0
248,100589895,J,0,0,5.480655934741488,7.881462799495587,3.324992118537203,0,6,0,0
249,100759173,J,0,0,-0.8246059161997961,0.2956436902245414,1.4759087347928277,0,6,0,0
250,101202614,J,0,0,-0.9354446399674236,0.21153500375474635,1.0461066982558942,0,6,0,0
251,102213899,J,0,0,3.1644259408093802,9.4553706505295,2.659322995461416,0,6,0,0
252,102280395,J,0,0,2.7980544991389205,7.175660160734787,48.43570608495981,0,6,0,0
253,102573847,J,0,0,-0.4318307034555713,8.815232722143863,3.3057122708039492,0,6,0,0
254,118655828,J,0,0,-0.8762624491706168,0.2929647446226321,1.4625349360457964,0,6,0,0
255,118790673,J,0,0,-0.7944863259351862,0.3582059612636074,1.7882313222456654,0,6,0,0
256,119062863,J,0,0,-0.8074059228502518,0.20032131538988537,1.0000415666729434,0,6,0,0
257,119161919,J,0,0,2.728851463450871,9.904912836767036,3.0179031299524546,0,6,0,0
258,119247073,J,0,0,-0.8848689010155247,0.33350564458303456,1.6649227100668675,0,6,0,0
259,119292600,J,0,0,-0.7301445913799223,0.3696748340159995,1.8454860854392483,0,6,0,0
260,119332739,J,0,0,7.200143129770991,9.541984732824426,6.261927480916057,0,6,0,0
261,119358109,J,0,0,-0.7354289666916278,0.3270014943968294,1.632452772809172,0,6,0,0
262,119364133,J,0,0,-0.9086627754523,0.48335564825242766,2.413002025260166,0,6,0,0
263,119374680,J,0,0,-0.8839817483565837,0.2509032517061421,1.2525560768767563,0,6,0,0
264,119374683,J,0,0,-0.9572486863660539,0.25087303817284146,1.252405245253482,0,6,0,0
265,119409609,J,0,0,-0.7150147346638112,0.3325640019421737,1.6602218534456954,0,6,0,0
266,119409618,J,0,0,-0.8838554939086869,0.332676851013999,1.6607852171714486,0,6,0,0
267,119442174,J,0,0,-0.6380461617350714,1.0281296265833197,1.4699040755058395,0,6,0,0
268,119932857,J,0,0,-0.6805770140994659,0.3078486000584912,1.5368379331044988,0,6,0,0
269,120019381,J,0,0,-0.8334499429051685,0.327660438933924,1.6357423474904487,0,6,0,0
270,120326992,J,0,0,-0.27866135398173975,1.585087496829825,2.9720390565559205,0,6,0,0
271,120445038,J,0,0,-0.900985036080126,0.3163535820716098,1.5792963979981143,0,6,0,0
272,120454792,J,0,0,-0.7663875888388165,0.356245880907002,1.7450481822553932,0,6,0,0
273,120616425,J,0,0,-0.9550373632045052,0.33243133630748567,1.659559561722526,0,6,0,0
274,123552213,J,0,0,-0.8166497465306943,0.23661078708578323,1.1812054136548082,0,6,0,0
275,123552220,J,0,0,-0.7746022759536919,0.23660406911678067,1.1811718762939292,0,6,0,0
276,123553895,J,0,0,-0.6924421719239895,0.3125947552851958,1.560531629900313,0,6,0,0
277,123553905,J,0,0,-0.7618795484669634,0.31260941329465314,1.553278022307808,0,6,0,0
278,123555609,J,0,0,2.0970982142857144,8.16326530612245,2.487244897959183,0,6,0,0
279,123570128,J,0,0,-0.8334233985732756,0.27985962241339746,1.3971117087668827,0,6,0,0
280,123892847,J,0,0,2.9279889946014395,6.664889362836576,2.3431251666222366,0,6,0,0
281,124032809,J,0,0,-0.8726357689543542,0.320838800961233,1.601687451673656,0,6,0,0
282,124081215,J,0,0,-0.6498750655953361,0.359426499078071,1.7943244758663073,0,6,0,0
283,124081217,J,0,0,-0.6340839013708379,0.3594226234976134,1.7943051282419926,0,6,0,0
284,124102972,J,0,0,-0.6188486576137177,0.37260045308215095,1.8600913243710497,0,6,0,0
285,124103031,J,0,0,-0.8845094651750096,0.372479709167843,1.859488548111341,0,6,0,0
286,124324405,J,0,0,-0.7001442402931854,9.904912836767036,5.107220681458002,0,6,0,0
287,124383039,J,0,0,-0.8915712830754076,0.2751697797541083,1.3736991348662122,0,6,0,0
288,124383043,J,0,0,-0.7486597047025842,0.27511754397066146,1.0897233968212916,0,6,0,0
289,124383049,J,0,0,-0.8376402229816142,0.27503128480864697,1.0893817296717496,0,6,0,0
290,124691511,J,0,0,-0.7710870175966027,0.22187117272227055,1.1076224950744598,0,6,0,0
291,124748618,J,0,0,-0.753493362667105,0.5135763919204162,2.563869644040203,0,6,0,0
292,124776014,J,0,0,-0.8557528517382024,0.27227480151166966,1.359246860671538,0,6,0,0
293,124919025,J,0,0,0.10269537440570509,9.904912836767036,22.750346671949284,0,6,0,0
294,124986944,J,0,0,2.955053033466084,6.423432682425488,1.3549428314491294,0,6,0,0
295,127054207,J,0,0,0.2162559306955858,8.472422265525713,2.382868762179104,0,6,0,0
296,127188392,J,0,0,4.975618906431897,7.275902211874272,3.4105791618160737,0,6,0,0
297,127229631,J,0,0,3.5128440706393054,7.892659826361483,2.4047947908445053,0,6,0,0
298,130619430,J,0,0,-0.11782690404749752,6.384065372829418,4.039916368743616,0,6,0,0
299,134193472,J,0,0,-0.7896544306016716,0.28623769177925346,1.4289522269292418,0,6,0,0
300,134196519,J,0,0,-0.895264477474569,0.31041729396828155,1.5496613347322803,0,6,0,0
301,134227685,J,0,0,-0.49597945034802005,0.8447087444249222,4.03876368428166,0,6,0,0
302,134310950,J,0,0,-0.7218438893330712,0.32239033086919655,1.6094329798860674,0,6,0,0
303,134358266,J,0,0,-0.6851918625281964,0.33319228193398126,1.647739956751641,0,6,0,0
304,134358511,J,0,0,-0.9129832551628182,0.2640152495208123,1.3180136284671802,0,6,0,0
305,134434853,J,0,0,0.300438010303266,9.720062208398133,2.733767496111975,0,6,0,0
306,134546827,J,0,0,-0.6912381168785655,0.3047442586181676,1.5213404785703832,0,6,0,0
307,138828326,J,0,0,3.7873453502112735,7.161784716751415,1.8463976222874763,0,6,0,0
308,138828336,J,0,0,3.7873453502112735,7.161784716751415,1.8463976222874763,0,6,0,0
309,138899652,J,0,0,-0.9108429164597271,1.4607496567238307,1.9514702445294927,0,6,0,0
310,138939511,J,0,0,2.097471641398571,3.6269993834101046,1.7851637590221685,0,6,0,0
311,139370190,J,0,0,-0.862543719190174,0.25112440954373205,1.2536601382691002,0,6,0,0
312,139480656,J,0,0,-0.6690360952403523,0.36461219846571186,1.820212459528046,0,6,0,0
313,139585397,J,0,0,-0.9051165540417372,0.364580295164207,1.8200531922650647,0,6,0,0
314,139674347,J,0,0,3.4019744225194044,9.351912466099316,7.452305246422895,0,6,0,0
315,139675168,J,0,0,3.907463946802544,9.349289454001497,3.7251075168287215,0,6,0,0
316,140378363,J,0,0,-0.90207223688732,0.31239261503858046,1.5522008059729466,0,6,0,0
317,140569666,J,0,0,-0.6745171368754375,0.34307200395218945,1.7126797697300713,0,6,0,0
318,140974951,J,0,0,-0.9137640744198208,0.4587303262031349,2.2900678003422126,0,6,0,0
319,141282643,J,0,0,-0.8743595238127113,0.26775410533982014,1.3366786977511331,0,6,0,0
320,142050157,J,0,0,-0.9606672743060568,0.28872194344514573,1.4413540770425637,0,6,0,0
321,142086605,J,0,0,-0.6396900444233922,0.5120852109791069,1.740289584186809,0,6,0,0
322,142108897,J,0,0,5.555479757126474,8.1913499344692,18.23855258846656,0,6,0,0
323,142144726,J,0,0,4.431032466317365,7.485029940119761,4.210329341317362,0,6,0,0
324,142521768,J,0,0,-0.9184166182718317,0.3858724382893503,1.9263475630226161,0,6,0,0
325,142521795,J,0,0,-0.9451777918497741,0.3858277741981534,1.9261245915048442,0,6,0,0
326,142521797,J,0,0,-0.8939522253833543,0.3857652618381715,1.925812518082747,0,6,0,0
327,142666776,J,0,0,-0.9235919948166793,0.31741094242482915,1.5845749391364516,0,6,0,0
328,142667491,J,0,0,-0.8651118441407964,0.3157153636567416,1.5761102920051395,0,6,0,0
329,142667501,J,0,0,-0.8512390428074407,0.3157123733993383,1.5760953640795092,0,6,0,0
330,142667513,J,0,0,-0.8031907013244031,0.3156346465838862,1.5757073372429942,0,6,0,0
331,143079692,J,0,0,-0.8797294199213213,0.3544088460447973,1.7692754111142615,0,6,0,0
332,143143105,J,0,0,-0.9071917004287261,0.28411270182656057,1.4183438786497828,0,6,0,0
333,143172897,J,0,0,-0.807401473406804,0.383325347388596,1.895663632007666,0,6,0,0
334,143175357,J,0,0,-0.8198858542867358,0.2708324305585648,1.3330033691554364,0,6,0,0
335,143182215,J,0,0,-0.7249698760240424,0.30728952204187737,1.5340469108184354,0,6,0,0
336,143183944,J,0,0,3.1675437521316505,8.526603001364256,3.79700289904504,0,6,0,0
337,143231731,J,0,0,-0.7640564740245009,0.3240860772621208,1.6178984638319929,0,6,0,0
338,143335601,J,0,0,-0.9424279686914068,0.3605734560244613,1.8000502999971153,0,6,0,0
339,144485600,J,0,0,-0.40274459822717223,0.6013663042432406,2.8752826421629933,0,6,0,0
340,144498593,J,0,0,3.638671875,10.0,2.8125,0,6,0,0
341,144610496,J,0,0,5.7467545934033275,9.904912836767036,2.5536103407289943,0,6,0,0
342,144616262,J,0,0,4.842350931061807,9.904912836767036,1.8571711568938198,0,6,0,0
343,146990981,J,0,0,-0.671494365832296,0.32082953685048055,1.6016412034957588,0,6,0,0
344,146990994,J,0,0,-0.7285063506641427,0.32084188911704314,1.6017028683264884,0,6,0,0
345,147042495,J,0,0,-0.963674840369627,0.31656990180001643,1.5803763066422696,0,6,0,0
346,147260714,J,0,0,1.6845099398301082,2.9495044832468142,4.009482656913633,0,6,0,0
347,147477352,J,0,0,-0.8148216732713603,0.37035665345727936,1.249953705418318,0,6,0,0
348,147765279,J,0,0,-0.8410365267678845,0.27243279763964223,1.360035606966652,0,6,0,0
349,147765281,J,0,0,-0.7544947918511837,0.2725174343028595,1.3604581290588065,0,6,0,0
350,147765439,J,0,0,-0.8746009433095809,0.3465820082347885,1.7302023692346085,0,6,0,0
351,147800346,J,0,0,-0.9460654838055546,0.32972504228723665,1.5996816504716715,0,6,0,0
352,147905911,J,0,0,-0.7319133077159059,0.4511434230056077,2.252192557035807,0,6,0,0
353,147947634,J,0,0,7.840908528129951,9.904912836767036,2.7857567353407404,0,6,0,0
354,147948685,J,0,0,1.3185793952788916,2.2785271600437476,3.4177907400656267,0,6,0,0
355,148093382,J,0,0,3.4362991922557793,8.435970980259828,5.338387885945657,0,6,0,0
356,148186823,J,0,0,-0.9481171084315058,0.2643188107768065,1.3133340910472575,0,6,0,0
357,148316107,J,0,0,5.241444748631158,9.955201592832253,2.799900447984079,0,6,0,0
358,148339816,J,0,0,7.100074538199426,8.96700143472023,2.942297345767585,0,6,0,0
359,148401453,J,0,0,-0.8060275107566196,0.22923003922125973,1.1443593364248827,0,6,0,0
360,148463086,J,0,0,-0.8942295172591522,0.3604291990902767,1.7993301423334909,0,6,0,0
361,148463101,J,0,0,-0.727330343389597,0.36074125112280714,1.7924330915164488,0,6,0,0
362,148465126,J,0,0,-0.5725674085391032,0.5161450161037245,2.540401251135519,0,6,0,0
363,149248193,J,0,0,-0.5653208040067758,0.5148773819514882,2.570364430210945,0,6,0,0
364,149250423,J,0,0,-0.823871586041885,0.48287950707659916,2.4106250392339597,0,6,0,0
365,149497847,J,0,0,3.627471022064541,9.720062208398133,2.505953538102645,0,6,0,0
366,149499667,J,0,0,-0.7187309862146681,0.3600243376452248,1.7382425051933508,0,6,0,0
367,149630673,J,0,0,-0.7010360303846969,0.34729336912770326,1.7337536161922062,0,6,0,0
368,149666169,J,0,0,-0.9031872552050338,0.30456605428585354,1.5204508491301596,0,6,0,0
369,150437348,J,0,0,0.05136881963788298,1.392757660167131,1.370995821727016,0,6,0,0
370,150437899,J,0,0,-0.9152316972316307,0.20257349366350114,1.0112848628982598,0,6,0,0
371,150437904,J,0,0,-0.9241333916579728,0.20257472475159274,1.0112910087208418,0,6,0,0
372,151062099,J,0,0,4.074277717691458,9.204712812960235,2.8045609351988077,0,6,0,0
373,151232372,J,0,0,5.809627575277338,9.904912836767036,2.785756735340719,0,6,0,0
374,151356219,J,0,0,1.2858212161719775,5.456132693147097,2.3018059799214363,0,6,0,0
375,151356230,J,0,0,1.2858212161719775,5.456132693147097,2.3018059799214363,0,6,0,0
376,151516252,J,0,0,-0.8791260252629753,0.24779769795938597,1.2370525702816217,0,6,0,0
377,151584722,J,0,0,4.530108419372636,7.881462799495587,1.6624960592686122,0,6,0,0
378,151584725,J,0,0,4.5366539592046085,7.890791446382072,1.664463820721231,0,6,0,0
379,153096567,J,0,0,-0.6829149269494601,0.46887381199097883,2.340705983298714,0,6,0,0
380,153124685,J,0,0,-0.6591092735744876,0.5386915183020443,2.474614162200016,0,6,0,0
381,153183291,J,0,0,-0.6266742438020398,0.3601371402229969,1.797872129706993,0,6,0,0
382,153406984,J,0,0,1.7425665604440788,8.223684210526315,2.5056537828947363,0,6,0,0
383,153407035,J,0,0,2.696410123966942,8.264462809917354,1.936983471074381,0,6,0,0
384,153615758,J,0,0,7.371278507409707,8.873901854645487,3.3277131954920662,0,6,0,0
385,153687195,J,0,0,-0.8214977956327203,0.3498301574585539,1.7464177391876243,0,6,0,0
386,155144190,J,0,0,-0.9543105344579946,0.38507006349805345,1.9223419576191887,0,6,0,0
387,155359574,J,0,0,-0.6810306949326531,1.5553550875664914,2.1872180918903794,0,6,0,0
388,155461416,J,0,0,-0.41334763884468495,7.956715467854869,3.916195894334818,0,6,0,0
389,155464892,J,0,0,6.331285048842258,9.044862518089724,3.8158013748190953,0,6,0,0
390,155536712,J,0,0,1.0228294252152077,8.96700143472023,2.9422973457675745,0,6,0,0
391,156146831,J,0,0,-0.9318953804347826,0.34782608695652173,1.7364130434782608,0,6,0,0
392,156146836,J,0,0,-0.9318953804347826,0.34782608695652173,1.7364130434782608,0,6,0,0
393,156146842,J,0,0,-0.9318953804347826,0.34782608695652173,1.7364130434782608,0,6,0,0
394,156190463,J,0,0,-0.70703125,10.0,2.8125,0,6,0,0
395,156283570,J,0,0,0.6786652206599479,8.12743823146944,2.8573025032509776,0,6,0,0
396,156290560,J,0,0,4.016968254896717,6.68493883280968,3.9169563473494193,0,6,0,0
397,156383475,J,0,0,-0.858311093635433,0.3458627893142232,1.7266118935295984,0,6,0,0
398,156386604,J,0,0,2.47011006794601,9.181893306399779,3.4432099898999198,0,6,0,0
399,156429596,J,0,0,-0.5912060580774985,0.3712682896041166,1.8534409145080506,0,6,0,0
400,156505928,J,0,0,1.324954577729513,8.353521009105338,2.349427783810885,0,6,0,0
401,156736404,J,0,0,-0.7885325805172625,0.35881132982655056,1.7912534356184833,0,6,0,0
402,156736412,J,0,0,-0.629665278515255,0.3587727103125628,1.7826519043655464,0,6,0,0
403,156812788,J,0,0,-0.7753586490239152,0.31882570117742326,1.5916376800966674,0,6,0,0
404,156814559,J,0,0,-0.7869360901399106,0.3645404238876049,1.8198541473764027,0,6,0,0
405,156837333,J,0,0,-0.9495002664877671,0.27579587795480803,1.3768247344775182,0,6,0,0
406,156987168,J,0,0,0.0986328125,8.064516129032258,1.3230846774193559,0,6,0,0
407,156988409,J,0,0,-0.8040391024364621,0.34330874098385417,1.7138616053803348,0,6,0,0
408,156988415,J,0,0,-0.8040391024364621,0.34330874098385417,1.7138616053803348,0,6,0,0
409,157049448,J,0,0,-0.9469080063356796,0.38421343824921617,1.918065523759759,0,6,0,0
410,157091782,J,0,0,-0.8978307900400551,0.3516681378117098,1.7555932817318947,0,6,0,0
411,157243192,J,0,0,-0.7377339553743286,0.48000076800122876,2.396253834006134,0,6,0,0
412,157342304,J,0,0,-0.5905845158700637,0.379575786101453,1.894913494678348,0,6,0,0
413,157405780,J,0,0,-0.7888441995884247,0.3661702618483542,1.827990604071081,0,6,0,0
414,157455051,J,0,0,-0.8784698717140282,0.3709295122647843,1.8517496745093531,0,6,0,0
415,157455064,J,0,0,-0.6905865306179202,0.3707892248651254,1.851049333506368,0,6,0,0
416,157455072,J,0,0,-0.812551290313607,0.37091300235529756,1.8516672539455872,0,6,0,0
417,157458134,J,0,0,-0.5128098529335343,0.51966949020423,2.5821077794522678,0,6,0,0
418,157458136,J,0,0,-0.7463177810505008,0.5190221622463279,2.5667267867337937,0,6,0,0
419,157660376,J,0,0,-0.6456100064672003,0.48809058961343227,2.4366397403358055,0,6,0,0
420,158091207,J,0,0,-0.7921670364466655,0.2461780852268531,1.228967159843431,0,6,0,0
421,158694648,J,0,0,1.2592231071818043,7.789375292101574,1.825634834086305,0,6,0,0
422,160180216,J,0,0,-0.7315392155401175,0.5963207012731446,2.8511583529622233,0,6,0,0
423,160301489,J,0,0,0.0009146502535926082,5.283178360101437,2.476489856297551,0,6,0,0
424,161614046,J,0,0,-0.6999462001174183,0.32257752344332147,1.6103674803147072,0,6,0,0
425,167117513,J,0,0,-0.8019473428912574,0.35117908377377044,1.7037672736211833,0,6,0,0
426,167117531,J,0,0,-0.7934002317316193,0.35084272422358503,1.7268040332879573,0,6,0,0
427,167119317,J,0,0,-0.3936683160675083,0.6236902504740045,2.6750464649236605,0,6,0,0
428,167163979,J,0,0,-0.9699884846934842,0.20835112999235353,1.0401279067587024,0,6,0,0
429,167163980,J,0,0,-0.8169737595350262,0.20835894412021477,1.040166916350135,0,6,0,0
430,167327171,J,0,0,0.2257573843445373,3.2601962638150814,2.5979688977276414,0,6,0,0
431,167364861,J,0,0,-0.771956818214748,0.482970461526573,2.411079100902189,0,6,0,0
432,167548547,J,0,0,-0.9548456519075239,0.3267706886692263,1.6313005473409032,0,6,0,0
433,167656947,J,0,0,-0.6371267272665203,0.5252045671789162,2.6219196752134954,0,6,0,0
434,167696705,J,0,0,-0.9661715350536014,0.24309016214113816,1.2135516688139631,0,6,0,0
435,167719767,J,0,0,-0.4467487048594281,0.6059137178865729,1.7609367426078535,0,6,0,0
436,167750686,J,0,0,4.683336423523252,8.72524212546898,2.8629700724195146,0,6,0,0
437,167760007,J,0,0,-0.8659148732197198,0.31600269234293876,1.5775446906807646,0,6,0,0
438,167893523,J,0,0,-0.8198727204283864,0.372250926904808,1.858346424157596,0,6,0,0
439,167895271,J,0,0,-0.6496022776422163,0.3604291990902767,2.948198214433747,0,6,0,0
440,167896568,J,0,0,-0.9237933239512711,0.3334856251021299,1.6570066997262078,0,6,0,0
441,167969331,J,0,0,0.42578125,10.0,4.6875,0,6,0,0
442,170207926,J,0,0,-0.8621868641366011,0.3125595816702559,1.5603560366194806,0,6,0,0
443,170207928,J,0,0,-0.7182036293346414,0.31246289503121505,1.5598733587886444,0,6,0,0
444,170207938,J,0,0,-0.8899610914629,0.3125654433897097,1.560385299422066,0,6,0,0
445,172027998,J,0,0,2.2408212203764384,7.6202087937209475,1.2501905052198374,0,6,0,0
446,172199637,J,0,0,3.72904926087449,5.6637970095151795,1.061961939284096,0,6,0,0
447,172308062,J,0,0,-0.9352160781376446,0.2536854148644432,1.2664451570185875,0,6,0,0
448,172308091,J,0,0,-0.6822153185478435,1.225655419235436,1.7523042321881621,0,6,0,0
449,172736211,J,0,0,-0.6491519666604563,0.3515346244028305,1.3676893980672622,0,6,0,0
450,172736507,J,0,0,-0.5037878376617737,0.7896212187013888,1.6471005108849281,0,6,0,0
451,172782915,J,0,0,-0.8436730226239281,0.27293917277595514,1.3625635265924636,0,6,0,0
452,173085933,J,0,0,-0.7501058805619553,0.3469716315994004,1.7321474421251315,0,6,0,0
453,173088250,J,0,0,-0.8853612531019213,1.4859503395396527,2.6468490423050066,0,6,0,0
454,176728861,J,0,0,-0.7307323711893288,0.35647065533565275,1.7795683496834542,0,6,0,0
455,176936360,J,0,0,-0.7448940520089755,0.33341224089701227,1.5550555298087212,0,6,0,0
456,177017182,J,0,0,-0.6652518682688277,0.3275509669304544,1.6351958427231277,0,6,0,0
457,177018607,J,0,0,-0.6947360431414331,0.361167292689974,1.8030148439757285,0,6,0,0
458,177075794,J,0,0,-0.4225754192910196,0.558868403257085,2.750680422280965,0,6,0,0
459,177078651,J,0,0,-0.9266764508077144,0.2676767000816414,1.3362922761888192,0,6,0,0
460,177179708,J,0,0,-0.8282606943622783,0.4621840971695846,2.307309672588785,0,6,0,0
461,177255933,J,0,0,-0.705786645960738,0.3211881391643969,1.5959035664730976,0,6,0,0
462,177313148,J,0,0,-0.7604258826513607,0.490157634695318,8.995158467963297,0,6,0,0
463,179318071,J,0,0,-0.9126318719344607,0.3307392352647402,1.6511122760481949,0,6,0,0
464,192829378,J,0,0,-0.8327892872865982,0.29546811012687396,1.4750322060240038,0,6,0,0
465,192832338,J,0,0,1.0366240431680902,5.207248489897938,1.3424937513018058,0,6,0,0
466,199885115,J,0,0,-0.8950789247817346,0.27096893070240563,1.352727708740916,0,6,0,0
467,199913471,J,0,0,4.021399324455676,9.720062208398133,2.73376749611198,0,6,0,0
468,199913679,J,0,0,-0.8944462905249368,0.3075021294522464,1.5351082868748867,0,6,0,0
469,199962793,J,0,0,2.2083474379988597,7.126567844925884,1.3362314709235932,0,6,0,0
470,199963990,J,0,0,6.080078125,10.0,2.8125,0,6,0,0
471,200006624,J,0,0,-0.8329300790096704,0.24457412307948173,1.2209598800608499,0,6,0,0
472,200052993,J,0,0,0.7508625114051095,9.124087591240876,2.779995437956204,0,6,0,0
473,200321730,J,0,0,-0.6756194935788092,0.3391175483157727,1.6929383857326465,0,6,0,0
474,200516234,J,0,0,-0.6834107815101715,0.289582277564613,1.4456490262795914,0,6,0,0
475,200540082,J,0,0,-0.645009950967173,0.3644208623655287,1.8192572738404125,0,6,0,0
476,200591809,J,0,0,0.5926462863527213,6.670224119530416,4.221001200640339,0,6,0,0
477,201433628,J,0,0,-0.850323194025729,0.2301337076841645,1.0032391319356546,0,6,0,0
478,201510740,J,0,0,-0.1283135260017747,1.167569587147394,1.0125017513543826,0,6,0,0
479,202146724,J,0,0,-0.6437803636340711,0.36026558779131973,1.7985133640519781,0,6,0,0
480,206677053,J,0,0,4.271657710974643,9.904912836767036,3.25004952456419,0,6,0,0
481,206793963,J,0,0,7.4814453125,10.0,3.046875,0,6,0,0
482,206853756,J,0,0,7.111618857347327,9.541984732824426,2.907323473282446,0,6,0,0
483,206856644,J,0,0,2.76953125,10.0,9.84375,0,6,0,0
484,206883949,J,0,0,2.8298485295884053,4.003843689942345,2.9090426809737373,0,6,0,0
485,207043116,J,0,0,3.304935304399727,8.526603001364256,89.12964699863575,0,6,0,0
486,207049448,J,0,0,4.042258932001536,7.683442182097579,3.9617748751440516,0,6,0,0
487,207051934,J,0,0,-0.8788286239156797,0.24449160415831322,1.2205479301340794,0,6,0,0
488,219207429,J,0,0,-0.7457018252937107,0.36805841823214175,1.837416634768271,0,6,0,0
489,220027687,J,0,0,-0.23228961943898518,8.933357155619081,1.2562533500089321,0,6,0,0
490,220027688,J,0,0,-0.23228961943898518,8.933357155619081,1.2562533500089321,0,6,0,0
491,220028542,J,0,0,-0.8251266801815129,0.3440351191049582,1.7174878211567834,0,6,0,0
492,220028547,J,0,0,-0.6346830569941955,0.3436697745869948,1.7156639528210138,0,6,0,0
493,220062265,J,0,0,0.2312956287023784,1.8115613847575225,3.5665114762413754,0,6,0,0
494,220066341,J,0,0,-0.9704296595620494,0.2740274082213703,1.367996201980122,0,6,0,0
495,220066361,J,0,0,-0.6719656636804644,0.32470484329744265,1.6209874598989518,0,6,0,0
496,220129900,J,0,0,2.569250817155309,9.904912836767036,2.7857567353407298,0,6,0,0
497,220147967,J,0,0,-0.9118893871297385,0.2815140954107572,1.4053711481833897,0,6,0,0
498,220151384,J,0,0,-0.5338813715778099,1.637411579774692,1.7269575255436203,0,6,0,0
499,220194018,J,0,0,-0.6896728973520236,0.8888809877245535,2.770808703922632,0,6,0,0
500,220196527,J,0,0,3.7294257198952883,9.349289454001497,4.382479431563212,0,6,0,0
501,220203452,J,0,0,-0.6550742999484624,0.687167153410067,1.2240164920116814,0,6,0,0
502,220224072,J,0,0,0.9913228661309885,7.580351728320194,3.9086188599151015,0,6,0,0
503,220274001,J,0,0,-0.956209829817219,0.3285064781477491,1.6399659338782162,0,6,0,0
504,220274029,J,0,0,-0.7317453151989018,0.3283834993859229,1.6393520008406621,0,6,0,0
505,220274043,J,0,0,-0.8625734310087194,0.3284126176127687,1.6394973644887436,0,6,0,0
506,220280951,J,0,0,0.34345420606047417,2.178459393516905,2.8081703119553865,0,6,0,0
507,220298408,J,0,0,-0.7573976724533998,0.3281701233919664,1.6152123260698348,0,6,0,0
508,220403859,J,0,0,-0.6761074232706485,0.3485717273471949,1.7401354201160744,0,6,0,0
509,220413318,J,0,0,-0.7074050457245318,0.3096818947577049,1.5459900839857306,0,6,0,0
510,220416446,J,0,0,-0.7624373354753794,0.3096934035305048,1.546047537937442,0,6,0,0
511,220475245,J,0,0,-0.4639553206390067,3.7855844942459114,1.9519420048455487,0,6,0,0
512,229176504,J,0,0,0.966625076557396,2.916472235184321,2.392418630424638,0,6,0,0
513,229177063,J,0,0,-0.8301477472898936,0.2339323561199044,1.1678341840673347,0,6,0,0
514,229193977,J,0,0,-0.019978600944510205,9.081827263645444,1.4899872854418321,0,6,0,0
515,229292798,J,0,0,-0.7735076261884106,0.35408884089017933,1.5602039551723523,0,6,0,0
516,229292807,J,0,0,-0.6354008155299264,0.3538858435046022,1.7417818859992154,0,6,0,0
517,229304805,J,0,0,-0.9717181615233003,0.2745080815179199,1.138779619421996,0,6,0,0
518,229352734,J,0,0,-0.9640926946738381,0.23798757704847806,1.1880786072966991,0,6,0,0
519,229356473,J,0,0,-0.7991153176747359,0.22818182440495888,1.1391264515216302,0,6,0,0
520,229386492,J,0,0,1.789757952061506,7.537499057812617,4.946483756689524,0,6,0,0
521,231193363,J,0,0,-0.9737804758058951,0.2156529540141641,1.0765799813675847,0,6,0,0
522,231348561,J,0,0,-0.8561842959754744,0.33431845839072466,1.6533092512603802,0,6,0,0
523,231722666,J,0,0,-0.8544680145615522,0.2582751353361709,1.24698463779495,0,6,0,0
524,231810777,J,0,0,-0.9321558541265678,0.2327383764636335,1.1618736137520453,0,6,0,0
525,231961741,J,0,0,-0.6758697761249911,0.3744042292701738,1.869096113309697,0,6,0,0
526,232015940,J,0,0,-0.7246499392180605,0.31698534259775824,1.582450264999746,0,6,0,0
527,232053448,J,0,0,-0.7898645247020761,0.27604711572171137,1.378078960516981,0,6,0,0
528,232167849,J,0,0,-0.9720273599517532,0.2083198793411259,1.039971897648277,0,6,0,0
529,232172261,J,0,0,-0.8060450372450166,0.3020682613857079,1.5079813986364636,0,6,0,0
530,232222475,J,0,0,-0.6528278394559965,0.32128720505834574,1.3780209029455612,0,6,0,0
531,232228243,J,0,0,-0.9492475097444781,8.661758336942398,2.4361195322650495,0,6,0,0
532,232280071,J,0,0,-0.8767504556789585,0.2536834841904453,1.2664355187319887,0,6,0,0
533,232300874,J,0,0,5.697970106550907,7.892659826361483,6.659431728492493,0,6,0,0
534,233980690,J,0,0,-0.7053115313221504,0.278505760891664,1.3903529782013533,0,6,0,0
535,233981085,J,0,0,-0.9022937464856425,0.3141325073742606,1.568208376657442,0,6,0,0
536,234056979,J,0,0,-0.9058045243850438,0.2568739468168181,1.282362906374584,0,6,0,0
537,234070324,J,0,0,-0.7855788632795251,0.3504664708727316,1.749594335059964,0,6,0,0
538,234211934,J,0,0,-0.6897812132210015,0.5325465845124802,1.2107113757275911,0,6,0,0
539,234224409,J,0,0,-0.9577611375432526,0.3777519227572868,1.8858084268898927,0,6,0,0
540,234227127,J,0,0,-0.813439070165181,0.31266512626981124,1.5535548461531246,0,6,0,0
541,234259759,J,0,0,-0.7500738126917816,0.3233410180715295,1.6141789886539637,0,6,0,0
542,234609765,J,0,0,-0.5982646014773271,0.3704430869763324,1.8493213482646582,0,6,0,0
543,234666563,J,0,0,5.790282042393026,9.904912836767036,2.7857567353407404,0,6,0,0
544,234673588,J,0,0,-0.8664521434663344,0.26735680369594045,1.3346952934508278,0,6,0,0
545,234673605,J,0,0,-0.8664521434663344,0.26735680369594045,1.3346952934508278,0,6,0,0
546,234711320,J,0,0,1.6277859568431916,8.59697386519945,2.82088204951857,0,6,0,0
547,234715232,J,0,0,-0.7647898320382687,0.33521950172973264,1.6734786062913989,0,6,0,0
548,234715243,J,0,0,-0.8280417532293465,0.33508134099552667,1.672788882001106,0,6,0,0
549,234715280,J,0,0,-0.8578166310077104,0.3350880779012763,1.6728225138977781,0,6,0,0
550,234717235,J,0,0,-0.9262219812351122,0.3350274554999782,1.672519875503797,0,6,0,0
551,234717263,J,0,0,-0.7390515110419396,0.3350611319035158,1.6726879944245825,0,6,0,0
552,234725750,J,0,0,-0.7831690217254567,0.3144970563075529,1.518431099984904,0,6,0,0
553,234757160,J,0,0,-0.9616746405838091,0.3311828526766198,1.6533268973465631,0,6,0,0
554,234840929,J,0,0,-0.5093951418589242,1.2047467020059033,4.066020119269925,0,6,0,0
555,234878084,J,0,0,5.210361858372069,9.89021857383048,3.245227969538128,0,6,0,0
556,234882195,J,0,0,1.0034224023056182,3.09894945613437,1.4526325575629855,0,6,0,0
557,235066000,J,0,0,-0.7284811147589232,0.2604546496364053,1.3002384462317416,0,6,0,0
558,235073221,J,0,0,-0.7593746357787089,0.2988482388873282,1.4919064425703334,0,6,0,0
559,235074949,J,0,0,-0.6512097723033218,0.3422723461057964,1.7086877278250308,0,6,0,0
560,235106917,J,0,0,-0.7001978447941388,0.3233253364200125,1.6141007029092815,0,6,0,0
561,235107354,J,0,0,-0.9576337429953317,0.2185543938175333,1.091064512885967,0,6,0,0
562,235116098,J,0,0,-0.6991549574303786,0.32720692893392705,1.5721270413622275,0,6,0,0
563,235122151,J,0,0,-0.7418272917982496,0.36091311016872685,1.8017459171704413,0,6,0,0
564,235147919,J,0,0,-0.7372837511396286,0.6906840534865731,2.0558642529561277,0,6,0,0
565,235167688,J,0,0,-0.8252420137831251,1.9037465732561683,2.944857980505635,0,6,0,0
566,235171199,J,0,0,-0.8617979588490929,0.33978124883200195,1.6962517031535098,0,6,0,0
567,235233236,J,0,0,-0.026155206400742204,2.3191094619666046,3.9134972170686453,0,6,0,0
568,235260738,J,0,0,-0.6717342665881373,1.4365132949305446,1.4814043353971247,0,6,0,0
569,235264646,J,0,0,4.855844724356078,9.03750564844103,2.753615002259366,0,6,0,0
570,235267378,J,0,0,3.72727006558401,7.807620237351656,2.9278575890068765,0,6,0,0
571,235279727,J,0,0,3.461233183027794,7.392075694855115,1.386014192785325,0,6,0,0
572,235280174,J,0,0,0.1305660725661668,1.158278797706608,2.1446255863786394,0,6,0,0
573,235285549,J,0,0,-0.09498423951952928,7.9548166414764125,2.423733195449845,0,6,0,0
574,235290034,J,0,0,-0.16866312764524816,9.619084263178145,2.4799201616006163,0,6,0,0
575,235306977,J,0,0,7.472661545413466,9.03750564844103,2.5417984636240334,0,6,0,0
576,235345281,J,0,0,-0.6395225334840173,0.34988523764205337,1.2792679001287572,0,6,0,0
577,235350577,J,0,0,-0.7479051851758187,0.3890656976337024,1.9422889124057485,0,6,0,0
578,235383806,J,0,0,-0.7325792367898609,0.3629408370141583,1.8118687097816193,0,6,0,0
579,235384866,J,0,0,-0.03942244152917851,1.0832945152798692,1.7772800641310358,0,6,0,0
580,235397379,J,0,0,0.6830613609350236,9.904912836767036,2.7857567353407298,0,6,0,0
581,235410011,J,0,0,-0.9288429218097792,0.23542761895569017,1.1752988165053595,0,6,0,0
582,235441405,J,0,0,-0.5431435416019612,0.5546188659153429,2.2488061828911166,0,6,0,0
583,235441413,J,0,0,-0.5431435416019612,0.5546188659153429,2.2488061828911166,0,6,0,0
584,235445183,J,0,0,-0.0360677887271309,1.6248009618821695,2.4752827153673653,0,6,0,0
585,235456714,J,0,0,-0.6483466865367954,0.39204463036072024,1.9571603031289073,0,6,0,0
586,235500575,J,0,0,-0.9523475925036112,0.2984468824238662,1.4899027958503948,0,6,0,0
587,235500595,J,0,0,-0.9636992711163527,0.2985698504165049,1.4905166751261456,0,6,0,0
588,235544862,J,0,0,-0.8822254915145415,0.43381689456514194,1.7894946900812103,0,6,0,0
589,237392492,J,0,0,-0.6200575714295973,0.3590780312469703,1.7925848591157347,0,6,0,0
590,237392494,J,0,0,-0.6200575714295973,0.3590780312469703,1.7925848591157347,0,6,0,0
591,237392499,J,0,0,-0.6200575714295973,0.3590780312469703,1.7925848591157347,0,6,0,0
592,237463704,J,0,0,-0.9044181778672128,0.23814059820918274,1.160935416269766,0,6,0,0
593,237494355,J,0,0,-0.9596435560973321,0.36091701795923076,1.801765425593347,0,6,0,0
594,237498416,J,0,0,-0.8828286765032132,0.3697486448712165,1.8458545630680263,0,6,0,0
595,237505137,J,0,0,-0.8682399331319108,0.3294806067714854,1.6448289666170244,0,6,0,0
596,237540937,J,0,0,-0.8625476785859338,0.2801018450308532,1.3983209294899623,0,6,0,0
597,237557054,J,0,0,-0.9574230555564237,0.31253613699083954,1.5602389963839571,0,6,0,0
598,237561184,J,0,0,5.3993201209578885,8.145312372729494,2.863586381037713,0,6,0,0
599,237563622,J,0,0,-0.6935552596564859,0.32333788161953475,1.614163330897521,0,6,0,0
600,237633219,J,0,0,2.2468023724983857,4.034861200774693,2.837011781794711,0,6,0,0
601,237718939,J,0,0,-0.7424775259492747,0.2806844208919028,1.4012292574212952,0,6,0,0
602,237718950,J,0,0,-0.8474202490180499,0.28075770890479224,1.4015951249231426,0,6,0,0
603,237804496,J,0,0,-0.90580724524813,0.3331723000549734,1.6632585916806875,0,6,0,0
604,237829447,J,0,0,-0.766054393463919,0.30001290055472385,1.4977206519880353,0,6,0,0
605,237969920,J,0,0,-0.8976163977897159,0.2924429809297932,1.268014487625275,0,6,0,0
606,238020967,J,0,0,-0.7169519698110625,0.2738225629791895,1.3669735761226725,0,6,0,0
607,238026918,J,0,0,-0.7937275460956255,0.33342224593224856,1.4925855228060818,0,6,0,0
608,238034902,J,0,0,-0.7674153523741655,0.2885120280664501,1.3726861335349065,0,6,0,0
609,238044555,J,0,0,-0.9710403041670878,0.2659616908780459,1.3277306286802446,0,6,0,0
610,238060552,J,0,0,-0.929158196403266,0.2595420639823096,1.2956826475366863,0,6,0,0
611,238063142,J,0,0,0.7650707347972971,6.756756756756756,4.592483108108105,0,6,0,0
612,238064697,J,0,0,-0.895094013004248,0.3064871060874469,1.5300410999209264,0,6,0,0
613,238074335,J,0,0,0.0197928490351873,5.675368898978433,1.330164585698073,0,6,0,0
614,238098401,J,0,0,-0.8233754697444066,0.2384489373523107,1.1903818044384886,0,6,0,0
615,238098403,J,0,0,-0.8082724672725409,0.23840800669449683,1.1901774709201838,0,6,0,0
616,238897690,J,0,0,-0.9526730072216458,0.3412876098946104,1.6957728116638453,0,6,0,0
617,238916801,J,0,0,-0.8012136544577837,0.3412526703021451,1.70359731502399,0,6,0,0
618,238932605,J,0,0,0.07709099264705865,4.130865829477858,3.4854180436219444,0,6,0,0
619,242128030,J,0,0,-0.9494082710160546,0.34652796307398026,1.729932565658386,0,6,0,0
620,247517839,J,0,0,-0.7807747206967977,0.2821957083676671,1.408773887866713,0,6,0,0
621,247520155,J,0,0,-0.7296601706338769,0.2630194634402946,1.3130424776433454,0,6,0,0
622,247564016,J,0,0,-0.9442614089598357,0.22922215753063557,1.0422444975221086,0,6,0,0
623,247666164,J,0,0,5.372211201566364,8.244023083264633,3.2847279472382596,0,6,0,0
624,247671866,J,0,0,-0.9439534613899409,0.3542694786216083,1.627425417418013,0,6,0,0
625,247671871,J,0,0,3.72727006558401,7.807620237351656,2.9278575890068765,0,6,0,0
626,247796329,J,0,0,-0.04639880255143347,2.129744004770626,4.742008135622096,0,6,0,0
627,247828207,J,0,0,0.10259720695196206,8.457374830852503,3.766174729364005,0,6,0,0
628,247828267,J,0,0,4.678092772048363,8.890469416785205,3.750666785206249,0,6,0,0
629,247828523,J,0,0,-0.6160235227718541,0.35028232755601013,1.748675057096019,0,6,0,0
630,247866794,J,0,0,0.42570670324427473,9.541984732824426,2.6836832061068687,0,6,0,0
631,247871088,J,0,0,4.871604018354919,8.577064928381509,2.4122995111073138,0,6,0,0
632,247914338,J,0,0,-0.6801486879623921,7.706535141800246,2.3480849260172625,0,6,0,0
633,250467801,J,0,0,-0.6827812049533168,0.330617858654253,1.6505063412505288,0,6,0,0
634,250485089,J,0,0,-0.7235302742733682,0.2593724224865515,1.2948357653820812,0,6,0,0
635,250587869,J,0,0,1.669763368294361,8.59697386519945,2.82088204951857,0,6,0,0
636,251181621,J,0,0,-0.6719033843229034,0.3314957419371948,1.6548888992020894,0,6,0,0
637,251264970,J,0,0,7.288667402194655,9.541984732824426,3.3546040076335686,0,6,0,0
638,251287992,J,0,0,-0.8711202246439632,0.32227811957162794,1.6088728000489865,0,6,0,0
639,255559405,J,0,0,0.2109375,10.0,3.28125,0,6,0,0
640,255633175,J,0,0,-0.8250315456498887,0.30917635419243134,1.5434663306950285,0,6,0,0
641,255636170,J,0,0,-0.7978875992731492,0.3005999975952,1.5006515504947875,0,6,0,0
642,255686833,J,0,0,-0.6953764313879062,0.38581884262063587,1.9260800033952057,0,6,0,0
643,255744160,J,0,0,-0.7246780502053289,0.276537201166987,1.3805255589508176,0,6,0,0
644,255754686,J,0,0,-0.8416014293241316,0.20662437754406265,1.0266648759220613,0,6,0,0
645,260239265,J,0,0,-0.8688979207523623,0.3565697985380638,1.7800632911392404,0,6,0,0
646,260297394,J,0,0,-0.6321041613904015,0.7914397872609851,1.9662332214765104,0,6,0,0
647,260304277,J,0,0,-0.9016369375615108,0.5125891905191503,1.0692290145985401,0,6,0,0
648,260416664,J,0,0,-0.49031041418634524,0.4687221696211787,2.339948956155728,0,6,0,0
649,260474849,J,0,0,-0.8235921550309879,0.3645643456069996,1.8199735690849435,0,6,0,0
650,260606661,J,0,0,-0.7699283306454294,0.33252419113490506,1.6600231104312837,0,6,0,0
651,260608993,J,0,0,2.474156705834684,8.103727714748784,2.2791734197730946,0,6,0,0
652,260639986,J,0,0,2.0475251386962547,8.668515950069347,2.8443567961165037,0,6,0,0
653,261107133,J,0,0,5.06080050787325,9.720062208398133,4.328465202177284,0,6,0,0
654,263579080,J,0,0,-0.8340172134498957,0.36670199229192413,1.8306451021448404,0,6,0,0
655,263579087,J,0,0,-0.6070376347880605,0.36664552344148155,1.8303631990555211,0,6,0,0
656,263581597,J,0,0,1.744140625,10.0,2.8125,0,6,0,0
657,263683561,J,0,0,-0.8924112102119828,0.3666253602094164,1.8302625404204456,0,6,0,0
658,263694670,J,0,0,0.014020023895233491,1.2413108242303874,2.3565510178748736,0,6,0,0
659,263807106,J,0,0,6.173671410661218,9.286775631500742,2.611905646359574,0,6,0,0
660,264461753,J,0,0,0.501863364511197,8.993614533681086,4.637332493929314,0,6,0,0
661,265256523,J,0,0,-0.7526453875188043,0.30207647368007684,1.5080223959497578,0,6,0,0
662,265624874,J,0,0,-0.9135219845070349,0.2596876476973496,1.2294587070671394,0,6,0,0
663,265708224,J,0,0,-0.8072946359389961,0.3149725343950007,1.380465560903089,0,6,0,0
664,265715470,J,0,0,-0.8651565106864632,0.33636962985885926,1.6792202615610239,0,6,0,0
665,265805540,J,0,0,0.6767480346526906,7.8222778473091354,2.3833502816019987,0,6,0,0
666,265805583,J,0,0,1.324954577729513,8.353521009105338,2.349427783810885,0,6,0,0
667,265808553,J,0,0,3.5128440706393054,7.892659826361483,2.4047947908445053,0,6,0,0
668,266191612,J,0,0,-0.9219870578539129,0.32672905013330544,1.6310926799623608,0,6,0,0
669,267195496,J,0,0,-0.8971952713691981,0.22810843362500802,1.1387600709873449,0,6,0,0
670,269203073,J,0,0,0.5739200712143926,9.37031484257871,5.270802098950526,0,6,0,0
671,269274501,J,0,0,3.4019744225194044,9.351912466099316,7.452305246422895,0,6,0,0
672,270427135,J,0,0,-0.2571379009046053,8.223684210526315,17.925061677631575,0,6,0,0
673,270427196,J,0,0,5.555479757126474,8.1913499344692,18.23855258846656,0,6,0,0
674,271550131,J,0,0,-0.7341154245500692,0.35497497426431435,1.7471424514571723,0,6,0,0
675,271696326,J,0,0,-0.5949999966359507,0.5382478954507287,2.6870344155704347,0,6,0,0
676,271696329,J,0,0,-0.5949999966359507,0.5382478954507287,2.6870344155704347,0,6,0,0
677,272357486,J,0,0,-0.05522220779810039,1.008288128415576,1.772381475730505,0,6,0,0
678,272431534,J,0,0,-0.9280802864866843,0.45742724619649244,2.229957825207901,0,6,0,0
679,272551597,J,0,0,-0.876369483558046,0.44972521789186803,2.2451126111945596,0,6,0,0
680,272551599,J,0,0,-0.5984413640962231,0.44964028776978415,2.24468862410072,0,6,0,0
681,276664207,J,0,0,5.045469569371612,8.888098835659052,3.957981512754408,0,6,0,0
682,276664214,J,0,0,6.458332930927913,7.726184037703777,1.991906822220507,0,6,0,0
683,278020315,J,0,0,-0.44069495130628256,0.5247167841157735,2.5702923721921094,0,6,0,0
684,278823399,J,0,0,-0.938306791188426,0.20477745809741263,1.0222874665956772,0,6,0,0
685,278823401,J,0,0,-0.7921433140076538,0.20475733184816017,1.022186992585737,0,6,0,0
686,278825353,J,0,0,-0.8372850311011992,0.36740932337899,1.8341762315560521,0,6,0,0
687,278862770,J,0,0,-0.8656278364710052,0.36162180145516615,1.8052838369519624,0,6,0,0
688,278862772,J,0,0,-0.6782258439851934,0.36148846490308495,1.8046181958833705,0,6,0,0
689,278990489,J,0,0,7.1494140625,10.0,3.046875,0,6,0,0
690,279055045,J,0,0,-0.7455100337736682,0.5074931361553334,2.533500890650454,0,6,0,0
691,279091691,J,0,0,-0.9596237751711072,0.3882183495285088,1.9380587917868526,0,6,0,0
692,279092244,J,0,0,-0.7617067855945683,0.32863602902513406,1.640612676148911,0,6,0,0
693,279250728,J,0,0,-0.6751764573163447,0.4267085409981566,2.1302090445142348,0,6,0,0
694,279428463,J,0,0,-0.713483432055444,0.29193329907982624,1.3684373394366864,0,6,0,0
695,279478266,J,0,0,-0.9691714629773402,0.30209016182969967,1.4797697770876694,0,6,0,0
696,279478272,J,0,0,-0.6855985424755632,0.3021558822196371,1.5084188182683453,0,6,0,0
697,279794983,J,0,0,-0.7588557639608504,0.2994926594349172,1.4951235107727499,0,6,0,0
698,279899841,J,0,0,-0.08237435386893965,0.9808441144448913,1.5172432395319424,0,6,0,0
699,279992108,J,0,0,-0.7382113462153448,0.32631963661045266,1.6290488108912446,0,6,0,0
700,279995531,J,0,0,-0.7896750110386497,0.3176589803782047,1.235891970533953,0,6,0,0
701,280292434,J,0,0,1.5710843440155808,3.5410764872521248,1.908861543909353,0,6,0,0
702,280293206,J,0,0,-0.7611453963099534,0.21896787303366852,1.0879966191360406,0,6,0,0
703,280534658,J,0,0,5.807767427884616,7.881462799495587,2.7708267654476515,0,6,0,0
704,280701238,J,0,0,-0.8015797123623011,0.25768214906912323,1.2863976035560136,0,6,0,0
705,281049237,J,0,0,7.326567823679728,8.517887563884157,2.395655877342449,0,6,0,0
706,281234420,J,0,0,2.7890625,10.0,2.8125,0,6,0,0
707,281495968,J,0,0,-0.8135123441195162,0.20836154895975498,1.0401799201975273,0,6,0,0
708,281915712,J,0,0,5.145149428717598,8.526603001364256,2.7977916098226387,0,6,0,0
709,281927472,J,0,0,-0.87652806897009,0.45727037025181877,2.2827794264915013,0,6,0,0
710,281927925,J,0,0,-0.8969358871066939,0.4920170237890231,2.456241235946764,0,6,0,0
711,282032935,J,0,0,2.2520571151984514,3.8722168441432725,4.356243949661181,0,6,0,0
712,282094678,J,0,0,-0.8368135779628794,0.4262828983826827,1.6385248906584364,0,6,0,0
713,282095775,J,0,0,0.24295048781695705,9.904912836767036,15.08951564976228,0,6,0,0
714,282105834,J,0,0,-0.6216044281102067,0.5068372342905799,2.530226505560004,0,6,0,0
715,282107162,J,0,0,-0.552916652536625,1.3564839934888768,1.6850074606619638,0,6,0,0
716,282118886,J,0,0,-0.9036833642105084,0.2821980974204272,1.408785814466039,0,6,0,0
717,282204836,J,0,0,-0.0018041260061257836,1.4246028919438707,1.1018412992378348,0,6,0,0
718,282351368,J,0,0,-0.7344368236535987,0.3495330238800962,1.7367422124042287,0,6,0,0
719,282396549,J,0,0,-0.7356596660177037,0.31863979046247376,1.5907095789493804,0,6,0,0
720,282399946,J,0,0,-0.678163490346205,0.33288948069241014,1.4980026631158454,0,6,0,0
721,282503704,J,0,0,-0.9020802654970137,0.4843952083625988,2.3841326661596662,0,6,0,0
722,282518190,J,0,0,0.10050601422634275,1.229588825496754,3.314126131221723,0,6,0,0
723,282618830,J,0,0,-0.7749499463923551,0.35210275766879806,1.7577629855497028,0,6,0,0
724,282806035,J,0,0,-0.8797159688188594,0.288794485180511,1.4417162189870818,0,6,0,0
725,282806036,J,0,0,-0.8228572451606573,0.28861444861652663,1.440817442702816,0,6,0,0
726,282806042,J,0,0,-0.8228572451606573,0.28861444861652663,1.440817442702816,0,6,0,0
727,282808202,J,0,0,0.20962261251891068,9.4553706505295,19.944922465960666,0,6,0,0
728,283096556,J,0,0,-0.8048873255409918,0.965195065922823,1.990714823465822,0,6,0,0
729,283205689,J,0,0,-0.88032770796951,0.37475359950832327,1.8093572226261232,0,6,0,0
730,284195943,J,0,0,-0.8224091931470138,0.5173626919415587,2.5827715636769994,0,6,0,0
731,284201497,J,0,0,-0.8839039697291935,0.28508953236764006,1.336357182973313,0,6,0,0
732,284995959,J,0,0,-0.7159933165465819,0.3588190547270822,1.7912919997703551,0,6,0,0
733,287323400,J,0,0,-0.7492635531451952,0.3421107549358029,1.707881034406079,0,6,0,0
734,287489023,J,0,0,-0.7256601602122708,0.25550158794236905,1.2755118335560458,0,6,0,0
735,287590929,J,0,0,3.62957404917403,7.683442182097579,3.2414521705724155,0,6,0,0
736,287994863,J,0,0,-0.807491798575968,0.34614292933838237,1.7280104050564553,0,6,0,0
737,288067807,J,0,0,-0.7721223834517792,0.3127971572994344,1.5542108753315653,0,6,0,0
738,290044555,J,0,0,4.818261266053652,7.599361653621095,2.849760620107908,0,6,0,0
739,290052135,J,0,0,-0.9386692365399512,0.3619752264155041,1.8070482006211495,0,6,0,0
740,290174005,J,0,0,-0.7141768292682926,8.869179600886918,3.3259423503325944,0,6,0,0
741,290174015,J,0,0,-0.7141768292682926,8.869179600886918,3.3259423503325944,0,6,0,0
742,293225403,J,0,0,-0.8415719898837272,0.3134884683266926,1.5649932129746604,0,6,0,0
743,293268009,J,0,0,-0.7079302308487774,2.0276572448193355,1.5682661502899555,0,6,0,0
744,293271131,J,0,0,-0.7957451266421256,0.38912928431342025,1.9426063490334022,0,6,0,0
745,293271134,J,0,0,-0.8326020977476671,0.3891383698215411,1.9426517055934753,0,6,0,0
746,293347970,J,0,0,1.4444618272841048,7.8222778473091354,6.233377659574469,0,6,0,0
747,293846288,J,0,0,5.807767427884616,7.881462799495587,2.7708267654476515,0,6,0,0
748,293992492,J,0,0,3.9013917829316913,9.05961224859576,2.972685269070489,0,6,0,0
749,293993627,J,0,0,-0.8639703271329229,0.23872216797924076,1.1917458229588656,0,6,0,0
750,294121347,J,0,0,6.392578125,10.0,2.8125,0,6,0,0
751,294121664,J,0,0,0.5693447221701646,9.37031484257871,3.7334848200899575,0,6,0,0
752,294159773,J,0,0,3.548381724583754,6.306760847628658,1.3303323662966662,0,6,0,0
753,294269733,J,0,0,6.973488530326594,9.720062208398133,3.1893954121306507,0,6,0,0
754,294329901,J,0,0,-0.8774388395331514,0.3530313032856623,1.7623984593713924,0,6,0,0
755,294397304,J,0,0,-0.8124274463069108,0.35801359735642757,1.7872710055527905,0,6,0,0
756,294873015,J,0,0,-0.8675231315956591,0.25814712320845895,1.2887188416422284,0,6,0,0
757,299277955,J,0,0,6.685546875,10.0,3.75,0,6,0,0
758,299562553,J,0,0,0.5573153971870046,9.904912836767036,2.7857567353407298,0,6,0,0
759,299732654,J,0,0,-0.9072754569348893,0.3730842125684609,1.8625063424316133,0,6,0,0
760,299732665,J,0,0,-0.8344574733232134,0.37297150124758965,1.8619436663844517,0,6,0,0
761,299732684,J,0,0,-0.6496595922802828,0.3731134451429957,1.8626522769247997,0,6,0,0
762,299835185,J,0,0,-0.1495213074535897,1.3978975620666518,2.031319894878103,0,6,0,0
763,299967526,J,0,0,-0.8570146468556902,0.37494750734897114,1.80150560171576,0,6,0,0
764,300115605,J,0,0,-0.8755335756649043,0.36363371902749797,1.815327706707588,0,6,0,0
765,300145870,J,0,0,-0.5246478665236316,0.47258309192213716,2.104471581215768,0,6,0,0
766,300327485,J,0,0,-0.7407957858323906,0.2807246063539207,1.401429870782463,0,6,0,0
767,300382992,J,0,0,2.03473299874283,7.857311228097745,2.3940245148110293,0,6,0,0
768,300653409,J,0,0,-0.9190941639442337,0.3132233501743088,1.5636696934483074,0,6,0,0
769,300939608,J,0,0,8.667930058934232,9.904912836767036,3.946488708399343,0,6,0,0
770,301485937,J,0,0,-0.32501684591161406,5.33731853116994,8.881631618274977,0,6,0,0
771,301704212,J,0,0,-0.4689628323112588,0.8220439300276206,1.4835324049717205,0,6,0,0
772,302532805,J,0,0,-0.9543432884124649,0.3725296626743904,1.8597379253823085,0,6,0,0
773,302615824,J,0,0,-0.8924204068812978,0.28650586047737603,1.4302909753519004,0,6,0,0
774,302671855,J,0,0,1.5858085453920223,8.59697386519945,2.82088204951857,0,6,0,0
775,302680451,J,0,0,-0.7897823323357981,0.3010669813820179,1.411251475228209,0,6,0,0
776,302827599,J,0,0,-0.27229835190655216,6.713211600429645,3.146817937701396,0,6,0,0
777,302862145,J,0,0,0.266112355462387,2.6704408897909047,2.5661267925334457,0,6,0,0
778,302896797,J,0,0,0.4788583672791109,1.7043905099536405,2.0372792814289653,0,6,0,0
779,302902063,J,0,0,-0.789656275353588,0.3027294083456443,1.5112819682255212,0,6,0,0
780,306331573,J,0,0,-0.8684599763418757,0.299659586709498,1.4959568430263221,0,6,0,0
781,306333822,J,0,0,-0.814839635813629,0.3750825181539939,1.8724822585968917,0,6,0,0
782,306472426,J,0,0,-0.8784281497307845,0.36136306146785674,1.803992158421566,0,6,0,0
783,306690907,J,0,0,-0.3118183724832214,8.389261744966444,2.359479865771812,0,6,0,0
784,306695173,J,0,0,-0.7964668520398746,0.36920804873546237,1.843155805796566,0,6,0,0
785,306829659,J,0,0,-0.7414234440808489,0.5161450161037245,1.427463560161863,0,6,0,0
786,306914628,J,0,0,-0.8260711585465335,0.30212575682502085,1.5082684266499087,0,6,0,0
787,307030565,J,0,0,-0.7553821102182623,0.32258688877849245,1.6104142338238794,0,6,0,0
788,307030602,J,0,0,-0.8974490283549057,0.32261811049025046,1.6105700984630473,0,6,0,0
789,307090914,J,0,0,-0.7085678920238742,1.3564839934888768,1.7803852414541503,0,6,0,0
790,307125047,J,0,0,-0.7478644899184217,0.3616061096968294,1.7458794983800052,0,6,0,0
791,307242181,J,0,0,3.168693965835301,7.378984651711924,4.323623819362446,0,6,0,0
792,307783309,J,0,0,-0.9480331394208509,0.3215351373598107,1.60516369353843,0,6,0,0
793,307812643,J,0,0,-0.5236528257064549,0.4522758520877053,2.2578458553440917,0,6,0,0
794,308065075,J,0,0,0.08288180443548399,8.064516129032258,2.4571572580645142,0,6,0,0
795,308248276,J,0,0,0.15109439639939293,2.078872419599609,3.1183086293994133,0,6,0,0
796,308384747,J,0,0,-0.6605151719985459,4.544215214032536,6.922827865127692,0,6,0,0
797,308388712,J,0,0,-0.9379685519103406,0.26302361426008825,1.3130631993140343,0,6,0,0
798,308496364,J,0,0,6.582975332594235,8.869179600886918,2.7023281596452478,0,6,0,0
799,308570939,J,0,0,0.511776513401109,6.601531555320834,2.939744520728807,0,6,0,0
800,309613808,J,0,0,-0.7009914382431102,0.550197245712588,2.7466878125808107,0,6,0,0
801,317132858,J,0,0,-0.8301928009111011,0.24167139939823826,1.206468939183393,0,6,0,0
802,317186745,J,0,0,-0.6997906658777066,0.2801041987619394,1.3983326797568698,0,6,0,0
803,317186747,J,0,0,-0.8683008081095236,0.28008301660612206,1.3982269344633753,0,6,0,0
804,317186753,J,0,0,-0.9426949703657228,0.28009713768734995,1.3982974295485675,0,6,0,0
805,317186760,J,0,0,-0.6997906658777066,0.2801041987619394,1.3983326797568698,0,6,0,0
806,317329622,J,0,0,-0.6280310829059896,0.3908631822516846,1.896297157642938,0,6,0,0
807,317414878,J,0,0,-0.6710278183054266,0.30554876558298705,1.525356728183819,0,6,0,0
808,317414885,J,0,0,-0.8736155305055999,0.30559078338197315,1.525566488914694,0,6,0,0
809,317548376,J,0,0,-0.9546349596949928,0.33784582743510827,1.6865897166487045,0,6,0,0
810,317721008,J,0,0,5.484375,10.0,20.15625,0,6,0,0
811,317800474,J,0,0,-0.837830690226778,0.2957459896843799,1.4764194328774898,0,6,0,0
812,317800489,J,0,0,-0.7958765314258496,0.295856237537056,1.476969810829521,0,6,0,0
813,317875405,J,0,0,-0.8157080313016993,0.2630173880795259,1.3130321170532582,0,6,0,0
814,319434830,J,0,0,-0.8196886799789336,0.30798797614941115,1.4653490427733702,0,6,0,0
815,319560226,J,0,0,-0.6679156725260463,0.35851802987172227,1.7897892272502385,0,6,0,0
816,319563863,J,0,0,-0.9215070049042623,0.5103290601780027,2.547658355107373,0,6,0,0
817,319563867,J,0,0,-0.8980493597041136,0.5105010056869812,2.5485167393279764,0,6,0,0
818,322646991,J,0,0,-0.8288931735962923,0.33342224593224856,1.6645063683648973,0,6,0,0
819,323421895,J,0,0,-0.8651314467453892,0.2922865577412095,1.4591492999736944,0,6,0,0
820,332973517,J,0,0,-0.5982854142526072,1.4484356894553883,2.240548957126304,0,6,0,0
821,333343594,J,0,0,-0.9193100801602846,0.36002822621293507,1.797328410547387,0,6,0,0
822,333343597,J,0,0,-0.8925648670474229,0.36010990554317174,1.7977361690788025,0,6,0,0
823,333343604,J,0,0,-0.6597300315303474,0.36014103122782876,1.797891554332677,0,6,0,0
824,333615630,J,0,0,-0.8453084633695956,0.22061857034754045,1.096198521414342,0,6,0,0
825,333623227,J,0,0,-0.8285227175498237,0.2554076177876081,1.2750427169240748,0,6,0,0
826,336879155,J,0,0,5.828973108161648,9.904912836767036,2.785756735340719,0,6,0,0
827,337267798,J,0,0,4.466824226564732,7.144898542440697,3.5166297513575486,0,6,0,0
828,339632976,J,0,0,-0.7391652401307656,0.36364165296949774,1.8153673144336637,0,6,0,0
829,339632984,J,0,0,-0.7391652401307656,0.36364165296949774,1.8153673144336637,0,6,0,0
830,339675323,J,0,0,-0.7150106884238008,0.268595540776832,1.164613477587046,0,6,0,0
831,339729832,J,0,0,-0.5930888722950698,0.49574895273033737,2.474871724958481,0,6,0,0
832,339889614,J,0,0,-0.778856214963638,0.2705510583957404,1.2682080862300331,0,6,0,0
833,339960160,J,0,0,-0.7776081234705432,0.36524343474926035,1.8233637094123234,0,6,0,0
834,340058336,J,0,0,-0.5843832775131804,0.5093854264829483,2.5429475587703423,0,6,0,0
835,340065182,J,0,0,-0.678804881682928,0.3396012402237293,1.6953530664293979,0,6,0,0
836,343862260,J,0,0,-0.9343860840894482,0.23288960101353556,1.1626285550597595,0,6,0,0
837,344140104,J,0,0,-0.6598689193230936,0.38592158073479466,1.9265928913244834,0,6,0,0
838,344175085,J,0,0,-0.8641520467958331,0.33399352720544273,1.6673583115959212,0,6,0,0
839,346314454,J,0,0,-0.8785420644212687,0.2604668608013002,1.300299406656491,0,6,0,0
840,346490391,J,0,0,-0.7809076293323898,0.29735001665160093,1.4844270362529142,0,6,0,0
841,346706375,J,0,0,-0.6299829500839698,0.37570397532376293,1.8755846893115975,0,6,0,0
842,346706395,J,0,0,-0.8299195814279434,0.3757547974493764,1.8758384028918091,0,6,0,0
843,349090525,J,0,0,-0.8239886635576811,0.3774567717632138,1.8843349777866687,0,6,0,0
844,349091377,J,0,0,-0.6189886747307869,0.3876359633141324,1.9351514106072694,0,6,0,0
845,349091379,J,0,0,-0.7393465936624114,0.38766752082743755,1.935308951630724,0,6,0,0
846,349192422,J,0,0,-0.915603665170372,0.3608427844072616,1.8013948377831261,0,6,0,0
847,349522659,J,0,0,-0.8750270909015851,8.256274768824307,2.9025965984147954,0,6,0,0
848,349571409,J,0,0,-0.59995242881306,0.5079339279546516,2.5357014059611127,0,6,0,0
849,349571411,J,0,0,-0.59995242881306,0.5079339279546516,2.5357014059611127,0,6,0,0
850,349572805,J,0,0,0.44078657958852174,2.7070925825663235,2.4110043313481277,0,6,0,0
851,349764466,J,0,0,-0.9469706022944551,0.3059273422562141,1.5272466539196938,0,6,0,0
852,349923715,J,0,0,-0.5707505987195932,1.1768444094006332,3.5029509373565726,0,6,0,0
853,349972148,J,0,0,-0.8512210721099074,0.337056686193484,1.3113611697215235,0,6,0,0
854,349972151,J,0,0,-0.7078348276739694,0.3371009988302595,1.3194343782340634,0,6,0,0
855,350333956,J,0,0,-0.7636897897309128,0.29819057956321043,1.4746456004961885,0,6,0,0
856,350335633,J,0,0,-0.8960880149924679,2.3911432055665816,2.746078525142871,0,6,0,0
857,350434355,J,0,0,-0.7246465877541162,0.29821458925413546,1.4887431447921295,0,6,0,0
858,350442586,J,0,0,-0.957628630972971,0.29820125005964027,1.4886765530321102,0,6,0,0
859,350713885,J,0,0,5.618964265642562,7.493443237167478,1.2293930310977998,0,6,0,0
860,350841994,J,0,0,-0.9122767502027449,0.3880285433796509,1.937111243903101,0,6,0,0
861,358111553,J,0,0,-0.523519197424662,0.5376488615285356,2.3060095701497345,0,6,0,0
862,358397062,J,0,0,-0.8364966701507421,0.3835679490621764,1.0518152353189372,0,6,0,0
863,358511986,J,0,0,-0.6384726539154071,0.38067249603148917,1.9003884762821999,0,6,0,0
864,364395234,J,0,0,0.17937793677181801,1.3739283358979995,1.9964896131017777,0,6,0,0
865,365695802,J,0,0,-0.9589254216125107,0.31040862190988217,1.54961804219074,0,6,0,0
866,365745395,J,0,0,1.5089471877542717,4.068348250610252,2.3837978030919444,0,6,0,0
867,365781372,J,0,0,-0.6950190058812802,1.139782985319595,1.976811115163673,0,6,0,0
868,365846552,J,0,0,-0.7637580089808789,0.22082318466780465,1.1023907422088062,0,6,0,0
869,369515324,J,0,0,-0.6006293205557689,0.38024693235787316,1.8982639826303194,0,6,0,0
870,369594900,J,0,0,-0.8006296743839905,0.3081588127257263,1.5383865729042119,0,6,0,0
871,369671057,J,0,0,-0.8362229883107654,0.21404934265446873,1.0685744527828558,0,6,0,0
872,369671062,J,0,0,-0.9304922099766243,0.21406308867349386,1.0686430754872076,0,6,0,0
873,370038910,J,0,0,1.8073924837494246,2.8762080073630925,2.3593893810400353,0,6,0,0
874,370227459,J,0,0,-0.7561525678330938,0.2680620188286762,1.3382158596212814,0,6,0,0
875,372493733,J,0,0,0.719300176056338,8.914244963451596,3.551769477625246,0,6,0,0
876,372493789,J,0,0,3.2053136569992944,8.815232722143863,3.5123192877291913,0,6,0,0
877,372852067,J,0,0,-0.6264525382391323,0.4851142686659842,2.4217813881059684,0,6,0,0
878,374861869,J,0,0,-0.711583695897249,0.2621733647591806,1.3088185943837218,0,6,0,0
879,375092714,J,0,0,-0.5720455341318392,0.5717226001943857,2.639750443085016,0,6,0,0
880,375179819,J,0,0,-0.8873935298442848,0.2748725278652025,1.372215197702066,0,6,0,0
881,382029115,J,0,0,-0.7981532510295555,0.5199775369704028,2.035224578298217,0,6,0,0
882,382190129,J,0,0,-0.9721892782304852,0.26491329387891344,1.322496834286138,0,6,0,0
883,382190135,J,0,0,-0.7884217245167309,0.2650228184646698,1.3230436015540934,0,6,0,0
884,382247545,J,0,0,-0.7216930462337808,0.3999808009215557,1.9967791546005786,0,6,0,0
885,382436657,J,0,0,-0.8169230089824882,0.3356684669685445,1.675719924944531,0,6,0,0
886,385813817,J,0,0,2.463036611693091,7.078142695356737,3.3178793884484747,0,6,0,0
887,386196808,J,0,0,2.088952771329077,3.627394080092861,4.930988827626237,0,6,0,0
888,386423826,J,0,0,4.91796875,10.0,3.28125,0,6,0,0
889,387151386,J,0,0,7.041849149051265,8.322237017310252,2.925786451398153,0,6,0,0
890,387225859,J,0,0,-0.6931643052636681,0.346225621388434,1.7284232192750721,0,6,0,0
891,387225893,J,0,0,-0.7231210142957103,0.34639472371556834,1.7292674097988143,0,6,0,0
892,387682808,J,0,0,5.5399592973970275,9.973072703700009,3.9736461553804716,0,6,0,0
893,387689773,J,0,0,1.6416015625,10.0,2.578125,0,6,0,0
894,387715219,J,0,0,1.6085498273148549,8.743551630672378,2.254196904782713,0,6,0,0
895,388129029,J,0,0,-0.950502423912268,0.2972757648905431,1.484056357539508,0,6,0,0
896,388202434,J,0,0,-0.7352071417386432,0.32966308432781694,1.6457399287927734,0,6,0,0
897,388920304,J,0,0,-0.955166274485192,0.34389314552182343,1.7167790624097279,0,6,0,0
898,389859994,J,0,0,-0.7716112125328458,0.2700578734022701,1.3038731700203356,0,6,0,0
899,403694550,J,0,0,-0.76726651485768,0.32758637633778087,1.6353726131237656,0,6,0,0
900,410447093,J,0,0,-0.5396333280752086,0.453938827203646,2.2661477389307008,0,6,0,0
901,410869641,J,0,0,-0.8498395184800352,0.2462199088493897,1.2291759512090628,0,6,0,0
902,410899755,J,0,0,-0.8308298980459502,0.33345560038680844,1.6177806862516257,0,6,0,0
903,420962953,J,0,0,-0.6877519468263293,0.49998750031249223,2.496031349216269,0,6,0,0
904,421836683,J,0,0,1.8411520975033175,4.147312541473125,1.8468501161247453,0,6,0,0
905,425070236,J,0,0,-0.5045496768306496,0.5148058152464889,2.4734810654421158,0,6,0,0
906,427394797,J,0,0,2.0902297167802386,8.517887563884157,2.9945698466780186,0,6,0,0
907,427395157,J,0,0,1.2614663898999083,9.099181073703365,2.7724067333940035,0,6,0,0
908,427451011,J,0,0,6.298666448620361,9.514747859181732,3.3450285442435828,0,6,0,0
909,434290034,J,0,0,-0.9121690096037798,0.257336006196651,1.2846695934348435,0,6,0,0
910,434304831,J,0,0,7.00121322611518,8.322237017310252,2.9257864513981104,0,6,0,0
911,434306024,J,0,0,0.25252969932716574,8.410428931875526,1.7740748528174954,0,6,0,0
912,434311022,J,0,0,2.485312067922571,8.641548565502937,2.4304355340476924,0,6,0,0
913,434316286,J,0,0,0.5741296353386769,8.808244516867788,2.4773187703690667,0,6,0,0
914,434319847,J,0,0,0.7398019189730989,3.233316088980859,2.4249870667356426,0,6,0,0
915,434322929,J,0,0,-0.8814999891190808,0.3481894150417827,1.7382268454038996,0,6,0,0
916,434376341,J,0,0,-0.6077584895326194,0.8693837807761857,1.1003138475448595,0,6,0,0
917,434379941,J,0,0,0.042913367703921956,4.603203829865587,1.5104262566746414,0,6,0,0
918,434396744,J,0,0,3.8486328125,10.0,142.734375,0,6,0,0
919,434407816,J,0,0,6.727764535700899,9.37031484257871,2.8550178035981943,0,6,0,0
920,436098294,J,0,0,-0.7464533469855482,0.30598912514649224,1.5275550856922533,0,6,0,0
921,436098295,J,0,0,-0.7347620562354142,0.3058599711879907,1.5197417318403292,0,6,0,0
922,436098974,J,0,0,-0.8425823228047252,0.26665955574518013,1.3312145009466414,0,6,0,0
923,436103141,J,0,0,-0.9042443828908092,0.27975392844454017,1.3572436684692144,0,6,0,0
924,436158184,J,0,0,-0.7999001562316752,0.33508134099552667,1.672788882001106,0,6,0,0
925,436243319,J,0,0,-0.7999001562316752,0.33508134099552667,1.672788882001106,0,6,0,0
926,436243320,J,0,0,-0.9569747249314003,0.33504092524901913,1.6725871190165877,0,6,0,0
927,436536378,J,0,0,-0.03225262460753531,9.811616954474097,2.299597723704869,0,6,0,0
928,436620235,J,0,0,-0.9354327561504053,0.2795638803466592,1.3956353089180875,0,6,0,0
929,436620236,J,0,0,-0.7697842226138041,0.27947949738407185,1.3952140533470456,0,6,0,0
930,436626494,J,0,0,-0.9102318844122824,0.27939984912408145,1.3882680003352799,0,6,0,0
931,437888616,J,0,0,-0.8724110056386277,0.3125625125025005,1.5383936162232446,0,6,0,0
932,437888650,J,0,0,-0.7151522338753523,0.31246289503121505,1.5598733587886437,0,6,0,0
933,437888659,J,0,0,-0.8725636240529355,0.3125625125025005,1.5603706678835767,0,6,0,0
934,437902259,J,0,0,6.705078125,10.0,3.75,0,6,0,0
935,437982082,J,0,0,4.871604018354919,8.577064928381509,2.4122995111073138,0,6,0,0
936,437990571,J,0,0,5.828973108161648,9.904912836767036,2.785756735340719,0,6,0,0
937,438004680,J,0,0,-0.7422415541983429,0.3416759203895105,1.7057102588195099,0,6,0,0
938,438007421,J,0,0,0.16354146278808046,4.89308606938396,2.4083157997749183,0,6,0,0
939,438010173,J,0,0,3.72727006558401,7.807620237351656,2.9278575890068765,0,6,0,0
940,438043155,J,0,0,0.02259776965425586,1.2540600193125244,2.8216350434531803,0,6,0,0
941,438047114,J,0,0,-0.8957985995331778,6.668889629876626,1.8756252084028011,0,6,0,0
942,438048194,J,0,0,1.6529724037138926,8.59697386519945,2.82088204951857,0,6,0,0
943,438077600,J,0,0,6.87128388184335,8.93096365097794,4.395708671965707,0,6,0,0
944,438107815,J,0,0,3.1401469624125875,8.741258741258742,3.6877185314685192,0,6,0,0
945,438113178,J,0,0,-0.15668982585877878,9.541984732824426,2.9073234732824433,0,6,0,0
946,438116017,J,0,0,3.72727006558401,7.807620237351656,2.9278575890068765,0,6,0,0
947,438116042,J,0,0,1.866301831970846,9.84930562395351,1.8467448044912835,0,6,0,0
948,438214995,J,0,0,-0.9582460009108907,0.9294803275488673,1.6992062238002732,0,6,0,0
949,438215704,J,0,0,-0.8646397744455645,1.2600806451612903,2.48078377016129,0,6,0,0
950,438216610,J,0,0,0.153287899394023,1.3772207684891888,1.968995317449389,0,6,0,0
951,438287195,J,0,0,-0.7201502625414277,0.26620170102886953,1.3289288043550593,0,6,0,0
952,438363439,J,0,0,3.6116340207241144,8.1913499344692,3.263740989515071,0,6,0,0
953,438412246,J,0,0,4.957855473297439,7.275902211874272,3.240050203725268,0,6,0,0
954,438430380,J,0,0,-0.7972456499994687,0.2656691674990967,1.3262702971243967,0,6,0,0
955,438430383,J,0,0,-0.7386220505256056,0.2656585809049925,1.326217446861642,0,6,0,0
956,438430392,J,0,0,-0.9643354615923995,0.265603544213694,1.3259426933793002,0,6,0,0
957,438430414,J,0,0,-0.9378575667823323,0.2656945787678148,1.3263971549424505,0,6,0,0
958,438488769,J,0,0,8.8291015625,10.0,2.578125,0,6,0,0
959,438488803,J,0,0,1.894288129797097,7.599361653621095,2.1373204650809363,0,6,0,0
960,438490384,J,0,0,-0.8383516323871241,0.37072324397667406,1.8507199445398024,0,6,0,0
961,438529050,J,0,0,-0.6392572989823326,0.3543410319828215,1.7689368706017428,0,6,0,0
962,438542756,J,0,0,-0.8440852663317605,0.2905490214308958,1.4504751929245503,0,6,0,0
963,438542850,J,0,0,-0.639776376299709,0.33336555867067147,1.6642233749262432,0,6,0,0
964,442927821,J,0,0,1.9054684899300929,8.322237017310252,72.36445156458056,0,6,0,0
965,442928611,J,0,0,-0.8772324438707318,0.2996757508375937,1.4960375373845498,0,6,0,0
966,442960471,J,0,0,3.931640625,10.0,2.8125,0,6,0,0
967,443080377,J,0,0,-0.8143939069801797,0.3603045293882389,1.7987077678053494,0,6,0,0
968,443123272,J,0,0,-0.9465105398733072,0.31752583866512135,1.5851485227110356,0,6,0,0
969,443129764,J,0,0,-0.6393082179585545,0.3440599765351096,1.7176119141088675,0,6,0,0
970,443129785,J,0,0,-0.6304884115788714,0.3441381232771585,1.7180020372976892,0,6,0,0
971,443132881,J,0,0,-0.8939526556894416,0.321755497997072,1.6062637751572575,0,6,0,0
972,443132884,J,0,0,-0.8939526556894416,0.321755497997072,1.6062637751572575,0,6,0,0
973,443160637,J,0,0,-0.8866824883962868,8.002560819462229,4.313880441741357,0,6,0,0
974,443254140,J,0,0,-0.7758265733500544,0.31041729396828155,1.549661334732281,0,6,0,0
975,443311654,J,0,0,-0.9207865914336366,0.33449290875033444,1.6698513179020602,0,6,0,0
976,443311680,J,0,0,-0.7337940205659399,0.3346776217808196,1.6707734399839353,0,6,0,0
977,443315014,J,0,0,-0.8905557286513434,0.3805464647233427,1.3824539538777683,0,6,0,0
978,443383422,J,0,0,-0.9180057278090273,0.2743860611880916,1.2604609685827959,0,6,0,0
979,443461920,J,0,0,-0.7177296133195418,0.3402529440385983,1.698606494067689,0,6,0,0
980,443544086,J,0,0,-0.9546836039568861,0.39831750685106104,1.9884756787330313,0,6,0,0
981,444953274,J,0,0,-0.8005046126993501,0.2839239424542953,1.0580603168023355,0,6,0,0
982,445146369,J,0,0,6.922281354865772,8.389261744966444,2.75272651006712,0,6,0,0
983,445150264,J,0,0,-0.7615634256029642,0.22872042359022451,1.141815239641824,0,6,0,0
984,445260619,J,0,0,-0.7713628864463058,0.26864532906366356,1.341127853685008,0,6,0,0
985,445266466,J,0,0,-0.7713628864463058,0.26864532906366356,1.341127853685008,0,6,0,0
986,445938328,J,0,0,1.4031127460787456,8.002560819462229,2.8134002880921933,0,6,0,0
987,445943823,J,0,0,0.7553940161926791,2.721458701864199,2.2324465913729803,0,6,0,0
988,445950431,J,0,0,-0.8537696123257572,0.32029928765438426,1.5689660418695226,0,6,0,0
989,445966408,J,0,0,-0.909865674101747,0.3139372439449354,1.5598756808513978,0,6,0,0
990,445966569,J,0,0,-0.8003032123689815,0.31926543408924746,1.5938329092424148,0,6,0,0
991,445966573,J,0,0,-0.6731240682243349,0.31923791524871825,1.5936955300307116,0,6,0,0
992,452374712,J,0,0,-0.8639001664063846,0.2824037073958707,1.3303862153102344,0,6,0,0
993,452376014,J,0,0,-0.6800998649261345,0.3778289945970454,1.647098273321495,0,6,0,0
994,457250315,J,0,0,-0.7800230021485999,0.2772387025228722,1.384027585250901,0,6,0,0
995,461705847,J,0,0,6.303321234873081,7.378984651711924,2.940064197166464,0,6,0,0
996,461711273,J,0,0,0.139763404939107,8.457374830852503,2.7750761163734783,0,6,0,0
997,10001776902,J,0,0,-0.8802915968942555,0.26164654168683527,1.3061885948272478,0,6,0,0
